date_time_local,unixtime,pressure_station,pressure_sea,wind_dir,wind_dir_10s,wind_speed,wind_gust,relative_humidity,dew_point,temperature,windchill,humidex,visibility,health_index,cloud_cover_4,cloud_cover_8,cloud_cover_10,solar_radiation,max_air_temp_pst1hr,min_air_temp_pst1hr
"2024-11-04 19:00:00 MST",1730772000,95.76,100.33,ESE,11,5,,97,-3.5,-3.1,-5,,16100,,4,,,,-2.5,-3.6
"2024-11-04 18:00:00 MST",1730768400,95.74,100.3,E,8,5,,93,-3.5,-2.5,-4,,16100,1.6,4,,,,-1.3,-2.7
"2024-11-04 17:00:00 MST",1730764800,95.71,100.27,E,8,9,,93,-2.4,-1.4,-5,,16100,1.7,4,,,,0.9,-1.6
"2024-11-04 16:00:00 MST",1730761200,95.69,100.23,ESE,11,4,,83,-1.7,0.9,,,16100,1.6,4,,,,1.3,0.9
"2024-11-04 15:00:00 MST",1730757600,95.68,100.21,ENE,7,8,,79,-2,1.2,,,16100,1.5,4,,,,1.3,0.7
"2024-11-04 14:00:00 MST",1730754000,95.69,100.23,ENE,6,5,,81,-2.2,0.7,,,16100,1.4,4,,,,0.7,-0.7
"2024-11-04 13:00:00 MST",1730750400,95.75,100.29,N,35,4,,86,-2.8,-0.7,-2,,16100,1.4,4,,,,-0.6,-2.4
"2024-11-04 12:00:00 MST",1730746800,95.81,100.36,NE,4,5,,95,-3.1,-2.4,-4,,16100,1.3,4,,,,-2.4,-3.9
"2024-11-04 11:00:00 MST",1730743200,95.84,100.39,N,1,4,,95,-4.6,-3.9,-6,,16100,1.4,4,,,,-2.5,-4
"2024-11-04 10:00:00 MST",1730739600,95.88,100.43,S,19,8,,95,-4.7,-4,-7,,16100,1.5,4,,,,-4,-6.4
"2024-11-04 09:00:00 MST",1730736000,95.94,100.51,N,36,0,,93,-7.5,-6.5,,,14500,1.4,4,,,,-5.8,-7.1
"2024-11-04 08:00:00 MST",1730732400,95.97,100.53,WSW,24,5,,94,-6.5,-5.7,-8,,16100,1.3,4,,,,-5.7,-7.3
"2024-11-04 07:00:00 MST",1730728800,96,100.57,SW,23,11,,93,-8.3,-7.3,-12,,16100,1.1,4,,,,-6.4,-8
"2024-11-04 06:00:00 MST",1730725200,96.04,100.61,SW,23,11,,93,-8,-7.1,-12,,8100,1.1,4,,,,-6,-8.2
"2024-11-04 05:00:00 MST",1730721600,96.05,100.62,S,17,4,,94,-8.2,-7.4,-9,,600,1,4,,,,-5.9,-8.4
"2024-11-04 04:00:00 MST",1730718000,96.08,100.64,SSW,20,4,,96,-6.4,-5.9,-8,,4800,1,4,,,,-5.5,-6.2
"2024-11-04 03:00:00 MST",1730714400,96.13,100.69,SW,23,11,,94,-6.5,-5.7,-10,,16100,1,4,,,,-5.3,-5.8
"2024-11-04 02:00:00 MST",1730710800,96.17,100.73,SW,22,9,,95,-6.5,-5.8,-10,,16100,1,4,,,,-4.8,-5.9
"2024-11-04 01:00:00 MST",1730707200,96.19,100.75,WSW,24,11,,94,-5.5,-4.7,-9,,16100,1,4,,,,-4,-4.7
"2024-11-04 00:00:00 MST",1730703600,96.17,100.72,SW,22,11,,94,-4.8,-4,-8,,16100,1.1,4,,,,-2.4,-4
"2024-11-03 23:00:00 MST",1730700000,96.18,100.73,WSW,24,13,,92,-3.4,-2.3,-7,,16100,1.2,4,,,,-2.1,-2.4
"2024-11-03 22:00:00 MST",1730696400,96.16,100.71,SW,22,13,,94,-3.3,-2.5,-7,,16100,1.3,4,,,,-2.5,-3.8
"2024-11-03 21:00:00 MST",1730692800,96.16,100.72,SSW,20,15,,95,-4.5,-3.8,-9,,16100,2,4,,,,-1.8,-3.9
"2024-11-03 20:00:00 MST",1730689200,96.19,100.75,WSW,24,9,,95,-2.5,-1.8,-5,,16100,2,4,,,,-1.5,-2.4
"2024-11-03 19:00:00 MST",1730685600,96.19,100.75,W,28,5,,98,-2.2,-1.9,-4,,4800,2,4,,,,-0.6,-2.4
"2024-11-03 18:00:00 MST",1730682000,96.18,100.73,W,27,5,,94,-1.5,-0.6,-2,,16100,2,4,,,,-0.1,-1
"2024-11-03 17:00:00 MST",1730678400,96.15,100.69,S,19,8,,90,-1.5,-0.1,-3,,16100,2,3,,,,0.8,-0.1
"2024-11-03 16:00:00 MST",1730674800,96.18,100.72,SE,14,5,,88,-1.1,0.7,,,16100,2,4,,,,1.1,0.5
"2024-11-03 15:00:00 MST",1730671200,96.18,100.72,S,17,11,,83,-1.5,1.1,,,16100,2,4,,,,1.1,1.1
"2024-11-03 14:00:00 MST",1730667600,96.2,100.74,S,19,9,,82,-1.6,1.1,,,16100,2,4,,,,1.1,0.7
"2024-11-03 13:00:00 MST",1730664000,96.25,100.79,SSW,21,9,,81,-2.2,0.7,,,16100,1.3,4,,,,0.8,0.3
"2024-11-03 12:00:00 MST",1730660400,96.29,100.84,SW,23,9,,81,-2.6,0.3,,,16100,1.2,4,,,,0.3,-0.1
"2024-11-03 11:00:00 MST",1730656800,96.3,100.85,WSW,25,13,,82,-2.9,-0.2,-4,,16100,1.1,4,,,,-0.1,-0.6
"2024-11-03 10:00:00 MST",1730653200,96.3,100.85,WSW,25,15,,84,-3,-0.6,-5,,16100,1,4,,,,-0.6,-1.4
"2024-11-03 09:00:00 MST",1730649600,96.31,100.86,WSW,24,15,,90,-2.9,-1.5,-6,,16100,1,4,,,,-1.4,-1.8
"2024-11-03 08:00:00 MST",1730646000,96.29,100.84,WSW,24,11,,92,-3,-1.9,-6,,16100,1,4,,,,-1.8,-2.2
"2024-11-03 07:00:00 MST",1730642400,96.28,100.83,SW,23,9,,94,-2.7,-1.9,-5,,16100,1,4,,,,-1.4,-1.9
"2024-11-03 06:00:00 MST",1730638800,96.29,100.84,WSW,24,8,,96,-2,-1.4,-4,,16100,1.1,4,,,,-1,-1.4
"2024-11-03 05:00:00 MST",1730635200,96.28,100.83,WSW,25,11,,96,-1.6,-1,-5,,2800,1,4,,,,-1,-1.2
"2024-11-03 04:00:00 MST",1730631600,96.26,100.81,N,36,0,,98,-1.4,-1.1,,,2000,1,4,,,,-1,-1.1
"2024-11-03 03:00:00 MST",1730628000,96.26,100.81,SE,14,4,,97,-1.4,-1,-2,,2400,,4,,,,-0.8,-1
"2024-11-03 02:00:00 MST",1730624400,96.27,100.82,SE,13,5,,96,-1.4,-0.8,-2,,4000,1.3,4,,,,-0.7,-0.8
"2024-11-03 01:00:00 MST",1730620800,96.27,100.82,ESE,12,8,,96,-1.4,-0.8,-4,,3600,1.4,4,,,,-0.7,-0.8
"2024-11-03 01:00:00 MDT",1730617200,96.27,100.82,ESE,11,13,,95,-1.5,-0.8,-5,,2000,1.4,4,,,,-0.7,-0.8
"2024-11-03 00:00:00 MDT",1730613600,96.3,100.86,ESE,11,13,,95,-1.6,-0.9,-5,,1600,1.4,4,,,,-0.8,-1.1
"2024-11-02 23:00:00 MDT",1730610000,96.37,100.93,S,17,4,,96,-1.7,-1.1,-2,,1600,1.4,4,,,,-0.6,-1.1
"2024-11-02 22:00:00 MDT",1730606400,96.34,100.9,ESE,12,9,,89,-2.3,-0.7,-4,,16100,1.4,4,,,,-0.6,-0.7
"2024-11-02 21:00:00 MDT",1730602800,96.34,100.9,ESE,11,15,,89,-2.3,-0.6,-5,,16100,1.4,4,,,,-0.5,-0.6
"2024-11-02 20:00:00 MDT",1730599200,96.37,100.93,SE,13,17,,89,-2.1,-0.5,-5,,16100,1.3,4,,,,-0.5,-0.7
"2024-11-02 19:00:00 MDT",1730595600,96.33,100.89,ESE,12,17,,90,-2,-0.6,-6,,16100,1.3,4,,,,-0.6,-0.8
"2024-11-02 18:00:00 MDT",1730592000,96.34,100.9,E,9,15,,91,-2,-0.7,-5,,16100,1.3,4,,,,-0.6,-0.7
"2024-11-02 17:00:00 MDT",1730588400,96.45,101.02,SE,13,13,,89,-2.2,-0.6,-5,,16100,1.3,4,,,,-0.6,-0.8
"2024-11-02 16:00:00 MDT",1730584800,96.45,101.02,ESE,12,15,,89,-2.4,-0.8,-5,,16100,1.3,4,,,,-0.8,-1
"2024-11-02 15:00:00 MDT",1730581200,96.49,101.06,SE,13,15,,88,-2.7,-1,-6,,16100,1.2,4,,,,-1,-1.2
"2024-11-02 14:00:00 MDT",1730577600,96.53,101.1,SE,13,13,,89,-2.7,-1.1,-5,,16100,1.1,4,,,,-1.1,-1.3
"2024-11-02 13:00:00 MDT",1730574000,96.55,101.13,ESE,11,13,,89,-2.9,-1.3,-6,,16100,1,4,,,,-1.3,-1.9
"2024-11-02 12:00:00 MDT",1730570400,96.61,101.19,E,10,15,,92,-3,-1.9,-7,,16100,1,4,,,,-1.9,-2.3
"2024-11-02 11:00:00 MDT",1730566800,96.66,101.25,ESE,12,11,,93,-3.3,-2.3,-6,,16100,1,4,,,,-2.3,-2.7
"2024-11-02 10:00:00 MDT",1730563200,96.69,101.28,ESE,11,13,,94,-3.5,-2.7,-7,,16100,1,4,,,,-2.7,-2.9
"2024-11-02 09:00:00 MDT",1730559600,96.72,101.31,ESE,12,13,,94,-3.6,-2.8,-7,,16100,1.1,4,,,,-2.8,-3.1
"2024-11-02 08:00:00 MDT",1730556000,96.75,101.34,ESE,11,11,,94,-3.9,-3.1,-7,,16100,1.1,4,,,,-3.1,-3.2
"2024-11-02 07:00:00 MDT",1730552400,96.79,101.39,E,8,8,,95,-3.9,-3.2,-6,,16100,1.3,4,,,,-3.1,-3.3
"2024-11-02 06:00:00 MDT",1730548800,96.84,101.44,E,8,8,,95,-3.9,-3.2,-6,,16100,1.4,4,,,,-3.1,-3.2
"2024-11-02 05:00:00 MDT",1730545200,96.89,101.49,SE,14,4,,95,-3.9,-3.2,-5,,16100,1.4,4,,,,-3.1,-3.2
"2024-11-02 04:00:00 MDT",1730541600,96.9,101.5,N,36,0,,95,-3.9,-3.2,,,16100,2,4,,,,-3.1,-3.2
"2024-11-02 03:00:00 MDT",1730538000,96.9,101.5,E,9,4,,94,-4,-3.2,-5,,16100,2,4,,,,-3.2,-3.3
"2024-11-02 02:00:00 MDT",1730534400,96.92,101.52,N,1,4,,94,-4.1,-3.3,-5,,16100,2,4,,,,-3.2,-3.3
"2024-11-02 01:00:00 MDT",1730530800,96.95,101.55,N,0,4,,94,-4,-3.2,-5,,16100,2,4,,,,-3.1,-3.2
"2024-11-02 00:00:00 MDT",1730527200,96.97,101.58,NW,32,5,,97,-3.5,-3.1,-5,,8100,1.3,4,,,,-2.8,-3.1
"2024-11-01 23:00:00 MDT",1730523600,96.97,101.58,N,36,0,,95,-3.7,-3,,,6400,1.2,4,,,,-2.9,-3
"2024-11-01 22:00:00 MDT",1730520000,96.97,101.58,N,36,0,,95,-3.6,-2.9,,,4800,1.2,4,,,,-2.9,-3
"2024-11-01 21:00:00 MDT",1730516400,96.99,101.6,NW,32,4,,95,-3.7,-3,-5,,11300,1.2,4,,,,-2.8,-3
"2024-11-01 20:00:00 MDT",1730512800,96.98,101.59,N,36,0,,95,-3.6,-2.9,,,6400,1.2,4,,,,-2.8,-2.9
"2024-11-01 19:00:00 MDT",1730509200,96.98,101.59,N,36,0,,95,-3.6,-2.9,,,16100,1.2,4,,,,-2.7,-2.9
"2024-11-01 18:00:00 MDT",1730505600,96.98,101.59,WNW,29,4,,95,-3.4,-2.7,-4,,14500,1.2,4,,,,-2.7,-2.8
"2024-11-01 17:00:00 MDT",1730502000,96.94,101.54,NW,31,4,,93,-3.7,-2.7,-4,,16100,1.3,4,,,,-2.6,-2.8
"2024-11-01 16:00:00 MDT",1730498400,96.93,101.53,NNW,33,8,,96,-3.2,-2.6,-6,,6400,1.3,4,,,,-2.6,-2.8
"2024-11-01 15:00:00 MDT",1730494800,96.93,101.53,N,35,5,,93,-3.7,-2.7,-5,,16100,1.4,4,,,,-2.5,-2.8
"2024-11-01 14:00:00 MDT",1730491200,96.93,101.53,N,1,5,,95,-3.3,-2.6,-5,,8100,1.4,4,,,,-2.6,-2.9
"2024-11-01 13:00:00 MDT",1730487600,96.94,101.54,N,36,0,,93,-3.8,-2.8,,,16100,1.5,4,,,,-2.8,-3.2
"2024-11-01 12:00:00 MDT",1730484000,96.95,101.56,SE,12,4,,95,-3.9,-3.2,-5,,2400,1.5,4,,,,-3.2,-3.4
"2024-11-01 11:00:00 MDT",1730480400,96.96,101.57,SE,12,4,,94,-4.2,-3.4,-5,,6400,1.4,4,,,,-3.3,-3.5
"2024-11-01 10:00:00 MDT",1730476800,96.98,101.59,SE,13,5,,93,-4.5,-3.5,-6,,16100,1.5,4,,,,-3.5,-3.6
"2024-11-01 09:00:00 MDT",1730473200,96.97,101.58,E,9,5,,93,-4.6,-3.6,-6,,16100,1.4,4,,,,-3.5,-3.6
"2024-11-01 08:00:00 MDT",1730469600,96.99,101.6,N,36,0,,94,-4.3,-3.5,,,16100,1.5,4,,,,-3.4,-3.5
"2024-11-01 07:00:00 MDT",1730466000,96.99,101.6,N,36,0,,94,-4.3,-3.5,,,9700,1.4,4,,,,-3.4,-3.5
"2024-11-01 06:00:00 MDT",1730462400,96.99,101.6,N,0,4,,96,-4.1,-3.5,-5,,11300,1.3,4,,,,-3.3,-3.6
"2024-11-01 05:00:00 MDT",1730458800,96.99,101.6,E,10,5,,94,-4.1,-3.3,-5,,16100,1.3,4,,,,-3.3,-3.5
"2024-11-01 04:00:00 MDT",1730455200,97,101.61,N,35,4,,96,-4.1,-3.5,-5,,12900,1.3,4,,,,-3.5,-3.6
"2024-11-01 03:00:00 MDT",1730451600,97.01,101.62,NNW,33,8,,97,-3.9,-3.5,-7,,8100,1.3,4,,,,-3.5,-3.7
"2024-11-01 02:00:00 MDT",1730448000,97.04,101.65,N,36,5,,97,-3.9,-3.5,-6,,4800,1.3,4,,,,-3.5,-3.6
"2024-11-01 01:00:00 MDT",1730444400,97.08,101.7,N,35,5,,96,-4.1,-3.5,-6,,3600,1.3,4,,,,-3.4,-3.5
"2024-11-01 00:00:00 MDT",1730440800,97.11,101.73,ESE,11,4,,91,-4.7,-3.4,-5,,12900,1.3,4,,,,-3.3,-3.4
"2024-10-31 23:00:00 MDT",1730437200,97.15,101.78,ENE,6,4,,88,-5.2,-3.4,-5,,16100,1.4,4,,,,-3.3,-3.5
"2024-10-31 22:00:00 MDT",1730433600,97.19,101.82,S,19,5,,87,-5.4,-3.5,-6,,16100,1.5,4,,,,-3.3,-3.5
"2024-10-31 21:00:00 MDT",1730430000,97.2,101.84,SSW,20,5,,90,-4.7,-3.3,-5,,16100,1.5,4,,,,-3.3,-3.5
"2024-10-31 20:00:00 MDT",1730426400,97.2,101.84,S,17,11,,90,-4.9,-3.5,-8,,16100,1.5,4,,,,-3.5,-3.7
"2024-10-31 19:00:00 MDT",1730422800,97.21,101.85,SSE,16,11,,90,-5.1,-3.7,-8,,16100,1.6,4,,,,-3.5,-3.7
"2024-10-31 18:00:00 MDT",1730419200,97.22,101.86,SSE,15,13,,89,-5.1,-3.5,-8,,16100,1.6,4,,,,-3.2,-3.5
"2024-10-31 17:00:00 MDT",1730415600,97.23,101.87,SE,14,11,,87,-5.1,-3.2,-7,,16100,1.6,4,,,,-3.1,-3.5
"2024-10-31 16:00:00 MDT",1730412000,97.25,101.89,E,9,9,,84,-5.7,-3.4,-7,,16100,1.6,4,,,,-2.8,-3.4
"2024-10-31 15:00:00 MDT",1730408400,97.28,101.92,SSE,15,9,,83,-5.5,-3,-7,,16100,1.6,4,,,,-3,-3.7
"2024-10-31 14:00:00 MDT",1730404800,97.33,101.97,SE,14,17,,82,-6.3,-3.7,-9,,16100,1.5,4,,,,-3.7,-4.4
"2024-10-31 13:00:00 MDT",1730401200,97.38,102.03,ESE,12,18,,83,-6.8,-4.3,-10,,16100,1.6,4,,,,-4.3,-5.4
"2024-10-31 12:00:00 MDT",1730397600,97.44,102.09,E,9,15,,82,-8.1,-5.5,-11,,16100,1.6,4,,,,-5.4,-6.3
"2024-10-31 11:00:00 MDT",1730394000,97.49,102.15,E,8,13,,84,-8.6,-6.3,-12,,16100,1.6,4,,,,-6.2,-6.6
"2024-10-31 10:00:00 MDT",1730390400,97.51,102.17,E,9,15,,85,-8.6,-6.5,-12,,16100,1.6,4,,,,-6.5,-7.2
"2024-10-31 09:00:00 MDT",1730386800,97.53,102.19,E,8,13,,86,-9.2,-7.2,-13,,16100,1.6,4,,,,-7.2,-7.4
"2024-10-31 08:00:00 MDT",1730383200,97.53,102.19,E,8,17,,85,-9.5,-7.4,-14,,16100,1.6,4,,,,-6.9,-7.4
"2024-10-31 07:00:00 MDT",1730379600,97.53,102.19,E,8,17,,84,-9.1,-6.8,-13,,16100,,4,,,,-6.7,-6.9
"2024-10-31 06:00:00 MDT",1730376000,97.56,102.22,E,8,11,,83,-9.1,-6.7,-12,,16100,,4,,,,-6.7,-6.8
"2024-10-31 05:00:00 MDT",1730372400,97.58,102.23,E,8,11,,82,-9.4,-6.8,-12,,16100,,4,,,,-6.7,-7.1
"2024-10-31 04:00:00 MDT",1730368800,97.6,102.25,E,10,13,,83,-9.6,-7.1,-13,,16100,,4,,,,-7,-7.5
"2024-10-31 03:00:00 MDT",1730365200,97.58,102.23,E,10,11,,83,-9.7,-7.3,-12,,16100,,4,,,,-6.7,-7.3
"2024-10-31 02:00:00 MDT",1730361600,97.59,102.24,E,9,11,,82,-9.4,-6.8,-12,,16100,,4,,,,-6.3,-6.8
"2024-10-31 01:00:00 MDT",1730358000,97.59,102.24,E,9,9,,82,-9,-6.4,-11,,16100,,4,,,,-5.8,-6.4
"2024-10-31 00:00:00 MDT",1730354400,97.6,102.25,E,9,9,,81,-8.6,-5.8,-10,,16100,,4,,,,-5.6,-5.9
"2024-10-30 23:00:00 MDT",1730350800,97.6,102.25,E,9,8,,83,-8,-5.6,-9,,16100,,4,,,,-5,-5.6
"2024-10-30 22:00:00 MDT",1730347200,97.6,102.25,E,9,8,,80,-7.9,-5,-9,,16100,,3,,,,-4.3,-5
"2024-10-30 21:00:00 MDT",1730343600,97.59,102.24,E,9,8,,78,-7.6,-4.3,-8,,16100,,4,,,,-4,-4.4
"2024-10-30 20:00:00 MDT",1730340000,97.57,102.22,E,9,11,,77,-7.6,-4.1,-9,,16100,,4,,,,-4.1,-4.6
"2024-10-30 19:00:00 MDT",1730336400,97.55,102.2,ENE,7,8,,79,-7.6,-4.5,-8,,16100,,3,,,,-4.1,-4.7
"2024-10-30 18:00:00 MDT",1730332800,97.5,102.15,E,8,9,,77,-7.6,-4.1,-8,,16100,1.5,4,,,,-3.1,-4.1
"2024-10-30 17:00:00 MDT",1730329200,97.46,102.1,NE,5,11,,74,-7.1,-3.1,-7,,16100,1.5,4,,,,-2,-3.1
"2024-10-30 16:00:00 MDT",1730325600,97.46,102.09,ENE,6,13,,70,-6.8,-2,-6,,16100,1.4,4,,,,-1.8,-2.2
"2024-10-30 15:00:00 MDT",1730322000,97.43,102.06,E,8,8,,70,-6.7,-2,-5,,16100,,4,,,,-1.7,-2.4
"2024-10-30 14:00:00 MDT",1730318400,97.39,102.01,ENE,6,11,,71,-6.8,-2.2,-6,,16100,,4,,,,-2,-2.8
"2024-10-30 13:00:00 MDT",1730314800,97.38,102.01,ENE,7,9,,73,-7,-2.8,-6,,16100,,4,,,,-2.8,-3.2
"2024-10-30 12:00:00 MDT",1730311200,97.34,101.96,NE,5,9,,74,-7,-3,-7,,16100,1.3,4,,,,-3,-3.8
"2024-10-30 11:00:00 MDT",1730307600,97.28,101.9,NE,5,8,,77,-7.3,-3.8,-7,,16100,1.3,4,,,,-3.8,-4.7
"2024-10-30 10:00:00 MDT",1730304000,97.25,101.88,N,36,8,,84,-7.1,-4.7,-8,,16100,1.3,4,,,,-4.7,-5.3
"2024-10-30 09:00:00 MDT",1730300400,97.19,101.82,NNW,34,8,,87,-7.1,-5.3,-9,,16100,1.3,4,,,,-5.2,-5.6
"2024-10-30 08:00:00 MDT",1730296800,97.1,101.73,NW,32,11,,91,-6.8,-5.6,-10,,16100,1.3,4,,,,-5,-5.8
"2024-10-30 07:00:00 MDT",1730293200,97.03,101.65,NNW,33,9,,88,-6.8,-5.1,-9,,16100,1.3,4,,,,-4.5,-5.7
"2024-10-30 06:00:00 MDT",1730289600,96.96,101.57,N,35,8,,88,-7.2,-5.5,-9,,16100,1.4,4,,,,-4.5,-5.5
"2024-10-30 05:00:00 MDT",1730286000,96.89,101.49,N,36,0,,85,-6.8,-4.6,,,16100,1.3,4,,,,-4.6,-4.9
"2024-10-30 04:00:00 MDT",1730282400,96.86,101.46,N,35,4,,85,-7,-4.8,-7,,16100,1.2,4,,,,-4.3,-4.8
"2024-10-30 03:00:00 MDT",1730278800,96.81,101.41,N,0,4,,81,-6.9,-4.2,-6,,16100,1.2,4,,,,-3.7,-4.2
"2024-10-30 02:00:00 MDT",1730275200,96.77,101.37,E,9,5,,78,-7.1,-3.8,-6,,16100,1.2,4,,,,-3.3,-3.9
"2024-10-30 01:00:00 MDT",1730271600,96.77,101.37,E,9,4,,78,-7,-3.7,-5,,16100,1.2,4,,,,-3.1,-3.8
"2024-10-30 00:00:00 MDT",1730268000,96.78,101.38,SE,14,5,,73,-7.3,-3.1,-5,,16100,1.3,4,,,,-3,-3.3
"2024-10-29 23:00:00 MDT",1730264400,96.76,101.36,ESE,11,8,,74,-7.3,-3.3,-7,,16100,1.5,4,,,,-3.3,-3.7
"2024-10-29 22:00:00 MDT",1730260800,96.78,101.39,E,10,8,,74,-7.5,-3.5,-7,,16100,1.9,4,,,,-3.3,-4.1
"2024-10-29 21:00:00 MDT",1730257200,96.78,101.39,E,10,8,,72,-7.7,-3.3,-7,,16100,3,4,,,,-3.3,-4.3
"2024-10-29 20:00:00 MDT",1730253600,96.77,101.38,E,9,9,,73,-8.5,-4.4,-8,,16100,5,4,,,,-3.7,-4.8
"2024-10-29 19:00:00 MDT",1730250000,96.8,101.41,ESE,12,8,,69,-8.7,-3.8,-7,,16100,2,4,,,,-2,-4.2
"2024-10-29 18:00:00 MDT",1730246400,96.78,101.37,SSE,16,4,,59,-8.9,-1.9,-3,,16100,1.6,4,,,,-0.9,-1.9
"2024-10-29 17:00:00 MDT",1730242800,96.8,101.39,WSW,24,9,,57,-8.4,-0.9,-4,,16100,1.5,3,,,,-0.8,-1.3
"2024-10-29 16:00:00 MDT",1730239200,96.84,101.43,WSW,25,18,,58,-8.4,-1.1,-6,,16100,1.5,3,,,,-1,-1.9
"2024-10-29 15:00:00 MDT",1730235600,96.86,101.45,WSW,24,13,,61,-8.4,-1.8,-6,,16100,1.5,3,,,,-1.5,-3.5
"2024-10-29 14:00:00 MDT",1730232000,96.93,101.53,W,28,5,,64,-9.3,-3.5,-6,,16100,1.5,4,,,,-3.1,-3.9
"2024-10-29 13:00:00 MDT",1730228400,96.92,101.52,W,28,17,,65,-9.3,-3.7,-9,,16100,1.5,4,,,,-3.6,-4.4
"2024-10-29 12:00:00 MDT",1730224800,96.94,101.54,WNW,30,17,,66,-9.6,-4.2,-10,,16100,1.5,4,,,,-4.2,-4.5
"2024-10-29 11:00:00 MDT",1730221200,96.92,101.52,W,28,17,,71,-8.9,-4.4,-10,,16100,1.5,4,,,,-4.3,-4.7
"2024-10-29 10:00:00 MDT",1730217600,96.9,101.5,WNW,29,13,,71,-9.2,-4.7,-10,,16100,1.5,4,,,,-4.7,-5
"2024-10-29 09:00:00 MDT",1730214000,96.89,101.49,NW,32,11,,73,-9,-4.9,-9,,16100,1.5,4,,,,-4.7,-5
"2024-10-29 08:00:00 MDT",1730210400,96.88,101.47,NW,31,24,,69,-9.6,-4.8,-12,,16100,1.5,4,,,,-4.8,-4.8
"2024-10-29 07:00:00 MDT",1730206800,96.84,101.43,WNW,30,24,30,69,-9.6,-4.8,-12,,16100,1.5,4,,,,-4.1,-4.8
"2024-10-29 06:00:00 MDT",1730203200,96.78,101.36,NW,32,15,,78,-7.4,-4.1,-9,,16100,1.5,4,,,,-3.3,-4.2
"2024-10-29 05:00:00 MDT",1730199600,96.71,101.29,NW,31,28,,76,-6.9,-3.3,-11,,16100,1.4,4,,,,-2.8,-3.3
"2024-10-29 04:00:00 MDT",1730196000,96.7,101.27,WNW,29,22,,75,-6.6,-2.8,-9,,16100,1.4,4,,,,-2.8,-3.3
"2024-10-29 03:00:00 MDT",1730192400,96.65,101.22,W,28,15,,85,-5.6,-3.3,-8,,16100,1.3,4,,,,-2.7,-3.5
"2024-10-29 02:00:00 MDT",1730188800,96.63,101.19,W,28,17,,85,-5,-2.8,-8,,14500,1.3,4,,,,-2.2,-2.8
"2024-10-29 01:00:00 MDT",1730185200,96.6,101.16,W,26,17,,81,-5,-2.2,-8,,16100,1.4,4,,,,-1.8,-2.2
"2024-10-29 00:00:00 MDT",1730181600,96.57,101.13,W,28,18,33,78,-5.1,-1.8,-7,,16100,1.4,4,,,,-1.5,-1.8
"2024-10-28 23:00:00 MDT",1730178000,96.53,101.09,WNW,29,22,,73,-5.7,-1.5,-7,,16100,1.4,4,,,,-1.4,-1.5
"2024-10-28 22:00:00 MDT",1730174400,96.49,101.05,WNW,29,15,32,76,-5.1,-1.4,-6,,16100,1.4,4,,,,-0.9,-1.4
"2024-10-28 21:00:00 MDT",1730170800,96.43,100.98,WNW,30,26,31,78,-4.3,-0.9,-7,,16100,1.4,4,,,,-0.2,-0.9
"2024-10-28 20:00:00 MDT",1730167200,96.37,100.91,WNW,29,24,33,79,-3.6,-0.3,-6,,16100,1.4,4,,,,0.1,-0.3
"2024-10-28 19:00:00 MDT",1730163600,96.31,100.85,WNW,29,17,,80,-2.9,0.1,,,16100,1.4,4,,,,0.3,0.1
"2024-10-28 18:00:00 MDT",1730160000,96.24,100.78,WNW,30,18,,80,-2.8,0.3,,,16100,1.4,4,,,,0.6,0.3
"2024-10-28 17:00:00 MDT",1730156400,96.17,100.7,WNW,30,21,,80,-2.5,0.6,,,16100,1.3,4,,,,1,0.6
"2024-10-28 16:00:00 MDT",1730152800,96.11,100.63,WNW,29,22,30,80,-2.1,1,,,16100,1.2,4,,,,1.4,1
"2024-10-28 15:00:00 MDT",1730149200,96.04,100.56,WNW,30,17,28,79,-1.9,1.4,,,16100,1.1,4,,,,1.6,1.4
"2024-10-28 14:00:00 MDT",1730145600,95.96,100.48,WNW,29,22,27,77,-2,1.6,,,16100,1.1,4,,,,1.9,1.6
"2024-10-28 13:00:00 MDT",1730142000,95.9,100.41,WNW,30,18,30,76,-2,1.7,,,16100,1.1,4,,,,1.7,1.4
"2024-10-28 12:00:00 MDT",1730138400,95.84,100.35,WNW,29,21,33,79,-1.9,1.4,,,16100,1,4,,,,1.4,1
"2024-10-28 11:00:00 MDT",1730134800,95.8,100.31,WNW,29,22,33,81,-1.9,1,,,16100,1,4,,,,1,0.7
"2024-10-28 10:00:00 MDT",1730131200,95.71,100.22,W,28,24,33,82,-2,0.8,,,16100,1,4,,,,0.8,0.7
"2024-10-28 09:00:00 MDT",1730127600,95.64,100.14,W,28,22,32,83,-1.9,0.7,,,16100,1,4,,,,0.8,0.6
"2024-10-28 08:00:00 MDT",1730124000,95.59,100.09,W,28,26,,84,-1.7,0.7,,,16100,1,4,,,,0.8,0.7
"2024-10-28 07:00:00 MDT",1730120400,95.53,100.02,W,27,24,,87,-1.2,0.7,,,8100,1,4,,,,1,0.6
"2024-10-28 06:00:00 MDT",1730116800,95.47,99.96,W,28,21,32,86,-1.3,0.8,,,12900,1,4,,,,0.9,0.8
"2024-10-28 05:00:00 MDT",1730113200,95.4,99.88,W,28,22,,87,-1,0.9,,,16100,1.1,4,,,,1.1,0.9
"2024-10-28 04:00:00 MDT",1730109600,95.32,99.79,W,28,22,,89,-0.5,1.1,,,16100,1.1,4,,,,1.2,1.1
"2024-10-28 03:00:00 MDT",1730106000,95.27,99.74,W,28,21,30,92,-0.1,1.1,,,16100,1.2,4,,,,1.1,0.8
"2024-10-28 02:00:00 MDT",1730102400,95.21,99.68,W,26,13,,96,0.2,0.8,,,16100,2,4,,,,0.8,0.6
"2024-10-28 01:00:00 MDT",1730098800,95.19,99.66,W,27,13,,98,0.2,0.5,,,14500,1.2,4,,,,0.6,0.5
"2024-10-28 00:00:00 MDT",1730095200,95.15,99.62,W,27,11,,97,0.2,0.6,,,16100,1.4,4,,,,0.6,0.4
"2024-10-27 23:00:00 MDT",1730091600,95.15,99.63,E,8,4,,97,0,0.4,,,16100,1.6,4,,,,0.7,0.4
"2024-10-27 22:00:00 MDT",1730088000,95.19,99.67,N,36,0,,96,0.1,0.7,,,14500,1.6,4,,,,1.3,0.7
"2024-10-27 21:00:00 MDT",1730084400,95.19,99.67,ENE,7,5,,94,0.4,1.3,,,16100,1.7,4,,,,1.5,1.3
"2024-10-27 20:00:00 MDT",1730080800,95.24,99.73,E,10,8,,94,0.4,1.3,,,16100,1.7,4,,,,2,1.1
"2024-10-27 19:00:00 MDT",1730077200,95.29,99.77,ESE,11,8,,93,0.8,1.8,,,16100,1.7,4,,,,2.8,1.8
"2024-10-27 18:00:00 MDT",1730073600,95.31,99.79,E,9,8,,81,-0.1,2.8,,,16100,1.7,4,,,,3.7,2.8
"2024-10-27 17:00:00 MDT",1730070000,95.32,99.79,ESE,11,17,,69,-1.6,3.7,,,16100,1.7,4,,,,4,3.7
"2024-10-27 16:00:00 MDT",1730066400,95.36,99.83,ESE,12,21,39,65,-2,4,,,16100,1.7,3,,,,4.1,3.9
"2024-10-27 15:00:00 MDT",1730062800,95.34,99.81,E,10,26,41,63,-2.4,4,,,16100,1.7,4,,,,4,3.2
"2024-10-27 14:00:00 MDT",1730059200,95.54,100.02,E,10,30,41,68,-2.3,3.1,,,16100,1.6,4,,,,3.2,3
"2024-10-27 13:00:00 MDT",1730055600,95.65,100.13,E,9,26,35,66,-2.8,3,,,16100,1.6,4,,,,3,2.5
"2024-10-27 12:00:00 MDT",1730052000,95.8,100.29,ESE,11,24,34,68,-2.9,2.5,,,16100,1.6,4,,,,2.5,1.8
"2024-10-27 11:00:00 MDT",1730048400,95.95,100.45,ESE,11,17,28,70,-3.1,1.8,,,16100,1.6,4,,,,1.8,1.1
"2024-10-27 10:00:00 MDT",1730044800,96.03,100.54,ESE,11,22,,71,-3.6,1.1,,,16100,1.7,4,,,,1.1,-0.2
"2024-10-27 09:00:00 MDT",1730041200,96.17,100.69,ESE,11,18,27,76,-3.9,-0.2,-5,,16100,1.7,4,,,,-0.1,-0.3
"2024-10-27 08:00:00 MDT",1730037600,96.3,100.83,ESE,11,13,,74,-4.1,0,-4,,16100,1.5,4,,,,0.6,0
"2024-10-27 07:00:00 MDT",1730034000,96.37,100.9,SE,13,22,,73,-3.8,0.5,,,16100,1.5,4,,,,1,0.4
"2024-10-27 06:00:00 MDT",1730030400,96.47,101,SE,14,21,,72,-3.6,0.9,,,16100,1.6,4,,,,1.3,0.8
"2024-10-27 05:00:00 MDT",1730026800,96.52,101.05,SE,13,21,30,72,-3.1,1.4,,,16100,1.6,4,,,,1.8,1.3
"2024-10-27 04:00:00 MDT",1730023200,96.59,101.12,SE,13,18,,71,-3,1.7,,,16100,1.6,4,,,,2.1,1.5
"2024-10-27 03:00:00 MDT",1730019600,96.66,101.19,ESE,12,18,,71,-2.8,1.9,,,16100,1.6,4,,,,2.6,1.9
"2024-10-27 02:00:00 MDT",1730016000,96.77,101.31,ESE,12,17,28,69,-2.5,2.6,,,16100,1.6,4,,,,3.1,2.6
"2024-10-27 01:00:00 MDT",1730012400,96.79,101.33,ESE,11,22,27,67,-2.5,3,,,16100,1.6,4,,,,3.3,3
"2024-10-27 00:00:00 MDT",1730008800,96.93,101.49,ESE,12,18,30,68,-2.2,3.1,,,16100,1.7,4,,,,3.3,3
"2024-10-26 23:00:00 MDT",1730005200,96.95,101.52,ESE,11,21,,67,-2.4,3.1,,,16100,1.7,4,,,,3.3,3
"2024-10-26 22:00:00 MDT",1730001600,97.03,101.61,ESE,11,15,,65,-2.9,3.1,,,16100,1.7,4,,,,3.4,3
"2024-10-26 21:00:00 MDT",1729998000,97.08,101.67,E,10,17,28,63,-3.1,3.3,,,16100,1.7,4,,,,3.6,3.2
"2024-10-26 20:00:00 MDT",1729994400,97.18,101.78,ESE,11,22,,62,-3.1,3.5,,,16100,1.7,4,,,,3.5,2.8
"2024-10-26 19:00:00 MDT",1729990800,97.19,101.8,E,10,13,,66,-2.9,2.8,,,16100,1.7,4,,,,3.2,2.8
"2024-10-26 18:00:00 MDT",1729987200,97.23,101.84,E,9,17,,64,-3.1,3.1,,,16100,1.7,3,,,,3.7,3.1
"2024-10-26 17:00:00 MDT",1729983600,97.22,101.83,E,10,17,,61,-3.2,3.6,,,16100,1.7,4,,,,3.8,3.5
"2024-10-26 16:00:00 MDT",1729980000,97.25,101.86,E,9,17,30,60,-3.3,3.8,,,16100,1.7,4,,,,4.5,3.8
"2024-10-26 15:00:00 MDT",1729976400,97.29,101.89,E,8,18,,56,-3.6,4.4,,,16100,1.7,4,,,,4.5,3.8
"2024-10-26 14:00:00 MDT",1729972800,97.38,101.99,E,8,15,,59,-3.5,3.8,,,16100,1.6,4,,,,3.8,1.8
"2024-10-26 13:00:00 MDT",1729969200,97.44,102.05,E,9,18,28,65,-4.1,1.8,,,16100,1.5,4,,,,1.8,-0.2
"2024-10-26 12:00:00 MDT",1729965600,97.52,102.13,E,9,18,28,74,-4.5,-0.3,-5,,16100,1.3,4,,,,-0.3,-2.5
"2024-10-26 11:00:00 MDT",1729962000,97.57,102.2,E,9,18,,77,-6,-2.5,-8,,16100,1.3,4,,,,-2.5,-3.8
"2024-10-26 10:00:00 MDT",1729958400,97.56,102.19,E,9,17,28,81,-6.7,-3.8,-10,,16100,1.1,4,,,,-3.8,-5.3
"2024-10-26 09:00:00 MDT",1729954800,97.6,102.24,E,8,17,,84,-7.7,-5.4,-11,,16100,1,4,,,,-5.4,-6.6
"2024-10-26 08:00:00 MDT",1729951200,97.63,102.27,E,9,9,,86,-8.1,-6.1,-10,,16100,1,4,,,,-5.6,-7
"2024-10-26 07:00:00 MDT",1729947600,97.67,102.3,E,8,8,,91,-8.3,-7.1,-11,,16100,1,4,,,,-6.6,-8.1
"2024-10-26 06:00:00 MDT",1729944000,97.7,102.32,E,8,5,,87,-8.7,-6.8,-9,,16100,1,4,,,,-5.3,-9.1
"2024-10-26 05:00:00 MDT",1729940400,97.73,102.36,E,10,5,,88,-10.1,-8.5,-11,,16100,1,4,,,,-6.5,-8.9
"2024-10-26 04:00:00 MDT",1729936800,97.76,102.38,ENE,7,4,,88,-9.7,-8,-10,,16100,1.1,4,,,,-6.3,-8.4
"2024-10-26 03:00:00 MDT",1729933200,97.77,102.39,SE,13,8,,88,-8.6,-6.9,-11,,16100,1.2,4,,,,-5.2,-7.7
"2024-10-26 02:00:00 MDT",1729929600,97.78,102.41,ESE,12,5,,88,-9.6,-7.9,-11,,16100,1.3,4,,,,-4.2,-8
"2024-10-26 01:00:00 MDT",1729926000,97.78,102.4,E,8,5,,79,-7.3,-4.2,-6,,16100,1.4,4,,,,-2.3,-4.8
"2024-10-26 00:00:00 MDT",1729922400,97.79,102.41,NW,32,4,,73,-6.5,-2.3,-4,,16100,1.6,4,,,,-1.8,-3.7
"2024-10-25 23:00:00 MDT",1729918800,97.8,102.42,N,36,0,,74,-6.3,-2.2,,,16100,1.8,4,,,,-0.7,-4
"2024-10-25 22:00:00 MDT",1729915200,97.81,102.44,SW,22,4,,68,-6.5,-1.3,-3,,16100,2,4,,,,-0.8,-2.6
"2024-10-25 21:00:00 MDT",1729911600,97.78,102.41,S,19,13,,64,-7.1,-1.1,-5,,16100,2,4,,,,-0.1,-1.5
"2024-10-25 20:00:00 MDT",1729908000,97.76,102.38,S,19,15,,60,-6.8,0.1,,,16100,2.1,4,,,,2.6,-0.3
"2024-10-25 19:00:00 MDT",1729904400,97.75,102.36,SW,22,8,,52,-6.5,2.4,,,16100,2,4,,,,3.8,1.6
"2024-10-25 18:00:00 MDT",1729900800,97.75,102.36,WSW,25,8,,47,-6.5,3.8,,,16100,1.9,4,,,,5.8,3.8
"2024-10-25 17:00:00 MDT",1729897200,97.73,102.33,W,27,9,,43,-5.9,5.6,,,16100,1.8,4,,,,6.1,5.5
"2024-10-25 16:00:00 MDT",1729893600,97.72,102.31,W,28,18,,42,-5.9,6.1,,,16100,1.8,4,,,,6.3,5.3
"2024-10-25 15:00:00 MDT",1729890000,97.72,102.32,WNW,28,5,,49,-4.6,5.3,,,16100,1.7,4,,,,5.3,4.4
"2024-10-25 14:00:00 MDT",1729886400,97.72,102.32,WSW,25,9,,53,-4.3,4.5,,,16100,1.6,4,,,,4.5,3.2
"2024-10-25 13:00:00 MDT",1729882800,97.71,102.31,W,27,9,,57,-4.4,3.4,,,16100,1.5,4,,,,3.4,1.9
"2024-10-25 12:00:00 MDT",1729879200,97.69,102.3,WSW,24,13,,61,-4.7,2,,,16100,1.5,4,,,,2,0.3
"2024-10-25 11:00:00 MDT",1729875600,97.62,102.23,WSW,25,13,,69,-4.8,0.2,,,16100,1.6,4,,,,0.2,-1.8
"2024-10-25 10:00:00 MDT",1729872000,97.6,102.21,WSW,25,9,,78,-5.2,-1.8,-5,,16100,1.6,4,,,,-1.5,-2
"2024-10-25 09:00:00 MDT",1729868400,97.48,102.08,SW,22,17,28,77,-5.1,-1.6,-7,,16100,1.6,4,,,,-1.6,-2.3
"2024-10-25 08:00:00 MDT",1729864800,97.39,101.99,SW,22,18,,79,-5.4,-2.2,-8,,16100,,4,,,,-2.2,-2.6
"2024-10-25 07:00:00 MDT",1729861200,97.35,101.94,SW,23,17,,81,-5.4,-2.6,-8,,16100,,4,,,,-2.6,-3.6
"2024-10-25 06:00:00 MDT",1729857600,97.29,101.88,S,19,8,,84,-5.9,-3.6,-7,,16100,,4,,,,-3.1,-3.6
"2024-10-25 05:00:00 MDT",1729854000,97.25,101.83,SSW,21,9,,83,-5.6,-3.1,-7,,16100,,4,,,,-2.3,-3.1
"2024-10-25 04:00:00 MDT",1729850400,97.19,101.76,SW,22,13,,83,-5,-2.5,-7,,16100,,4,,,,-2.1,-2.8
"2024-10-25 03:00:00 MDT",1729846800,97.15,101.72,SW,22,13,,85,-4.9,-2.7,-7,,16100,,4,,,,-2.2,-3
"2024-10-25 02:00:00 MDT",1729843200,97.1,101.66,SW,22,9,,84,-4.5,-2.2,-6,,16100,,4,,,,-2.2,-2.7
"2024-10-25 01:00:00 MDT",1729839600,97.07,101.63,SW,22,11,,86,-4.2,-2.2,-6,,16100,,4,,,,-0.6,-2.5
"2024-10-25 00:00:00 MDT",1729836000,97,101.57,S,19,8,,84,-4.4,-2,-5,,16100,,4,,,,-0.4,-2
"2024-10-24 23:00:00 MDT",1729832400,96.99,101.56,WSW,24,4,,80,-3.7,-0.6,-2,,16100,,4,,,,0.5,-0.6
"2024-10-24 22:00:00 MDT",1729828800,96.95,101.52,SW,22,11,,76,-3.3,0.5,,,16100,,4,,,,0.8,0.5
"2024-10-24 21:00:00 MDT",1729825200,96.91,101.48,SW,22,13,,73,-3.6,0.6,,,16100,,4,,,,1.5,0.5
"2024-10-24 20:00:00 MDT",1729821600,96.85,101.41,SW,23,17,28,59,-5.5,1.6,,,16100,,4,,,,2.5,1.6
"2024-10-24 19:00:00 MDT",1729818000,96.81,101.37,WSW,25,17,,53,-6.2,2.4,,,16100,,4,,,,3.6,2.1
"2024-10-24 18:00:00 MDT",1729814400,96.77,101.32,WSW,25,13,,47,-6.7,3.6,,,16100,,4,,,,5.9,3.5
"2024-10-24 17:00:00 MDT",1729810800,96.73,101.26,WNW,29,18,32,43,-5.7,5.8,,,16100,,4,,,,6.4,5.8
"2024-10-24 16:00:00 MDT",1729807200,96.68,101.21,W,28,26,39,43,-5.4,6.3,,,16100,,4,,,,6.4,6.1
"2024-10-24 15:00:00 MDT",1729803600,96.65,101.17,W,28,26,37,46,-4.6,6.2,,,16100,1.9,4,,,,6.2,5.9
"2024-10-24 14:00:00 MDT",1729800000,96.58,101.1,WNW,29,34,46,46,-4.8,6,,,16100,1.8,3,,,,6.2,5.5
"2024-10-24 13:00:00 MDT",1729796400,96.56,101.08,W,26,17,32,56,-2.6,5.5,,,16100,1.8,4,,,,5.5,3.8
"2024-10-24 12:00:00 MDT",1729792800,96.55,101.08,W,26,17,,62,-2.8,3.8,,,16100,1.7,4,,,,3.8,2.5
"2024-10-24 11:00:00 MDT",1729789200,96.51,101.04,WSW,24,15,,70,-2.6,2.4,,,16100,1.7,4,,,,2.4,1
"2024-10-24 10:00:00 MDT",1729785600,96.46,101,SW,23,15,,75,-3,0.9,,,16100,1.7,4,,,,1,0
"2024-10-24 09:00:00 MDT",1729782000,96.43,100.97,WSW,25,11,,80,-3,0,-4,,16100,1.7,4,,,,0.6,0
"2024-10-24 08:00:00 MDT",1729778400,96.37,100.9,WSW,24,17,,78,-2.9,0.5,,,16100,,4,,,,0.7,0.3
"2024-10-24 07:00:00 MDT",1729774800,96.32,100.85,SW,23,15,,78,-3.1,0.3,,,16100,,4,,,,0.8,0.3
"2024-10-24 06:00:00 MDT",1729771200,96.29,100.81,WSW,24,15,,77,-2.9,0.8,,,16100,,4,,,,0.8,0.6
"2024-10-24 05:00:00 MDT",1729767600,96.26,100.78,SW,23,13,,77,-2.8,0.8,,,16100,,4,,,,1,0.7
"2024-10-24 04:00:00 MDT",1729764000,96.24,100.76,SW,22,15,,76,-2.7,1,,,16100,,4,,,,1.6,0.9
"2024-10-24 03:00:00 MDT",1729760400,96.24,100.75,SW,22,17,,75,-2.4,1.6,,,16100,,4,,,,2,1.6
"2024-10-24 02:00:00 MDT",1729756800,96.25,100.76,SW,22,18,,73,-2.3,2,,,16100,,4,,,,2.2,1.9
"2024-10-24 01:00:00 MDT",1729753200,96.25,100.76,SW,22,15,,74,-2.3,1.9,,,16100,,4,,,,1.9,1.5
"2024-10-24 00:00:00 MDT",1729749600,96.28,100.8,WSW,24,18,,76,-2.3,1.5,,,16100,,4,,,,1.9,1.3
"2024-10-23 23:00:00 MDT",1729746000,96.32,100.84,SW,22,15,,77,-2,1.6,,,16100,,4,,,,2.5,1.6
"2024-10-23 22:00:00 MDT",1729742400,96.35,100.87,SW,22,13,,73,-1.9,2.5,,,16100,,4,,,,2.9,2.5
"2024-10-23 21:00:00 MDT",1729738800,96.36,100.89,SSW,21,13,,74,-1.3,2.9,,,16100,,4,,,,3,2.7
"2024-10-23 20:00:00 MDT",1729735200,96.41,100.94,SW,22,9,,75,-1,3,,,16100,,4,,,,3.5,3
"2024-10-23 19:00:00 MDT",1729731600,96.41,100.94,SW,22,11,,73,-0.9,3.5,,,16100,,4,,,,3.9,3.4
"2024-10-23 18:00:00 MDT",1729728000,96.41,100.93,SW,22,15,,72,-0.8,3.8,,,16100,,4,,,,4.4,3.8
"2024-10-23 17:00:00 MDT",1729724400,96.41,100.93,SW,23,17,,69,-0.9,4.3,,,16100,,4,,,,4.4,4.1
"2024-10-23 16:00:00 MDT",1729720800,96.44,100.96,WSW,24,9,,67,-1.2,4.4,,,16100,,3,,,,5.1,4.2
"2024-10-23 15:00:00 MDT",1729717200,96.46,100.98,WSW,24,9,,64,-1.4,4.8,,,16100,1.9,4,,,,5.2,4.8
"2024-10-23 14:00:00 MDT",1729713600,96.47,100.99,WSW,24,21,,60,-2,5.1,,,16100,1.9,4,,,,5.6,4.8
"2024-10-23 13:00:00 MDT",1729710000,96.51,101.03,W,27,11,,62,-1.8,4.9,,,16100,,4,,,,5,3.8
"2024-10-23 12:00:00 MDT",1729706400,96.52,101.04,W,26,21,,64,-2.4,3.8,,,16100,,4,,,,3.8,3.1
"2024-10-23 11:00:00 MDT",1729702800,96.5,101.03,W,28,21,,66,-2.5,3.2,,,16100,1.8,4,,,,3.2,2.1
"2024-10-23 10:00:00 MDT",1729699200,96.47,101,W,27,15,,69,-2.9,2.1,,,16100,,4,,,,2.1,0.5
"2024-10-23 09:00:00 MDT",1729695600,96.43,100.97,WSW,25,17,,74,-3.5,0.6,,,16100,,4,,,,0.7,0
"2024-10-23 08:00:00 MDT",1729692000,96.37,100.91,WSW,25,24,,76,-3.3,0.5,,,16100,,4,,,,1.3,0.3
"2024-10-23 07:00:00 MDT",1729688400,96.28,100.81,WSW,25,26,37,73,-3.1,1.2,,,16100,,4,,,,1.9,1.2
"2024-10-23 06:00:00 MDT",1729684800,96.18,100.7,WSW,25,34,45,71,-2.9,1.8,,,16100,,4,,,,2,1.5
"2024-10-23 05:00:00 MDT",1729681200,96.15,100.67,WSW,25,34,,72,-2.8,1.7,,,16100,,4,,,,1.8,1.3
"2024-10-23 04:00:00 MDT",1729677600,96.13,100.65,WSW,25,32,41,73,-2.6,1.7,,,16100,,4,,,,2.4,1.7
"2024-10-23 03:00:00 MDT",1729674000,96.06,100.58,WSW,25,30,41,73,-2.1,2.3,,,16100,,4,,,,2.4,2.1
"2024-10-23 02:00:00 MDT",1729670400,95.99,100.51,WSW,25,34,,74,-1.9,2.3,,,16100,,4,,,,2.6,2.1
"2024-10-23 01:00:00 MDT",1729666800,95.97,100.49,WSW,24,30,43,74,-1.9,2.3,,,16100,,4,,,,2.5,2.3
"2024-10-23 00:00:00 MDT",1729663200,96,100.53,WSW,25,15,,72,-2,2.5,,,16100,,4,,,,2.5,1.8
"2024-10-22 23:00:00 MDT",1729659600,96.04,100.57,WSW,24,15,32,74,-2.3,1.9,,,16100,,4,,,,2,1.6
"2024-10-22 22:00:00 MDT",1729656000,96.07,100.61,SW,23,21,,75,-2.3,1.7,,,16100,,4,,,,1.7,1.5
"2024-10-22 21:00:00 MDT",1729652400,96.09,100.64,SW,23,26,35,75,-2.4,1.6,,,16100,,4,,,,1.6,1.4
"2024-10-22 20:00:00 MDT",1729648800,96.24,100.8,SW,23,17,28,75,-2.5,1.4,,,16100,,4,,,,1.5,1.1
"2024-10-22 19:00:00 MDT",1729645200,96.33,100.89,SW,22,15,,78,-2.3,1.1,,,16100,,3,,,,1.2,0.8
"2024-10-22 18:00:00 MDT",1729641600,96.43,101,S,18,9,,80,-2.2,0.9,,,16100,,4,,,,1.7,0.9
"2024-10-22 17:00:00 MDT",1729638000,96.49,101.06,SSW,21,17,,73,-2.5,1.8,,,16100,,4,,,,2,1.4
"2024-10-22 16:00:00 MDT",1729634400,96.54,101.11,SSW,21,15,,73,-3,1.3,,,16100,1.6,4,,,,1.3,0.7
"2024-10-22 15:00:00 MDT",1729630800,96.62,101.2,SW,23,17,,75,-3.2,0.7,,,16100,1.6,4,,,,0.7,-0.2
"2024-10-22 14:00:00 MDT",1729627200,96.73,101.32,SW,23,18,,73,-4.4,0,-5,,16100,1.6,3,,,,0,-1.3
"2024-10-22 13:00:00 MDT",1729623600,96.82,101.42,SW,23,15,,74,-5.3,-1.3,-6,,16100,1.6,3,,,,-1.2,-2.5
"2024-10-22 12:00:00 MDT",1729620000,96.9,101.51,SW,23,28,33,78,-6,-2.6,-10,,16100,1.6,3,,,,-2.4,-2.8
"2024-10-22 11:00:00 MDT",1729616400,97.03,101.64,SW,23,15,,81,-5.7,-2.8,-8,,16100,1.6,4,,,,-2.8,-3.5
"2024-10-22 10:00:00 MDT",1729612800,97.16,101.78,SW,22,13,,81,-6.2,-3.5,-8,,16100,1.6,4,,,,-3.5,-4.5
"2024-10-22 09:00:00 MDT",1729609200,97.19,101.82,SSW,20,9,,84,-6.8,-4.5,-8,,16100,1.7,4,,,,-4.5,-4.7
"2024-10-22 08:00:00 MDT",1729605600,97.27,101.9,SW,22,8,,82,-7.2,-4.6,-8,,16100,,4,,,,-4.6,-5
"2024-10-22 07:00:00 MDT",1729602000,97.24,101.87,SSW,20,15,,83,-7.4,-4.9,-10,,16100,,4,,,,-4.9,-5.2
"2024-10-22 06:00:00 MDT",1729598400,97.31,101.94,SSW,20,11,,84,-7.5,-5.2,-10,,16100,1.5,4,,,,-5.1,-5.3
"2024-10-22 05:00:00 MDT",1729594800,97.39,102.03,SW,22,13,,84,-7.6,-5.3,-10,,16100,1.5,4,,,,-5.1,-5.4
"2024-10-22 04:00:00 MDT",1729591200,97.45,102.09,SW,22,9,,87,-7.2,-5.4,-9,,16100,1.6,4,,,,-5.2,-5.5
"2024-10-22 03:00:00 MDT",1729587600,97.49,102.13,SW,23,8,,84,-7.6,-5.2,-9,,16100,1.6,4,,,,-4.9,-5.3
"2024-10-22 02:00:00 MDT",1729584000,97.53,102.17,SW,23,11,,83,-7.8,-5.3,-10,,16100,1.6,4,,,,-4.9,-5.3
"2024-10-22 01:00:00 MDT",1729580400,97.58,102.22,W,27,18,,79,-8,-4.9,-11,,16100,1.6,4,,,,-4.5,-5.1
"2024-10-22 00:00:00 MDT",1729576800,97.62,102.26,W,27,15,,77,-8.1,-4.7,-10,,16100,1.6,4,,,,-4.3,-4.9
"2024-10-21 23:00:00 MDT",1729573200,97.62,102.26,W,28,15,,74,-8.3,-4.4,-10,,16100,1.6,4,,,,-3.9,-4.4
"2024-10-21 22:00:00 MDT",1729569600,97.61,102.25,W,28,13,,78,-7.3,-4,-9,,16100,1.6,4,,,,-3.4,-4.3
"2024-10-21 21:00:00 MDT",1729566000,97.63,102.27,WSW,25,8,,79,-7.4,-4.3,-8,,16100,1.6,4,,,,-3.6,-4.4
"2024-10-21 20:00:00 MDT",1729562400,97.68,102.32,W,28,13,,78,-6.9,-3.6,-8,,16100,1.7,4,,,,-3.2,-3.6
"2024-10-21 19:00:00 MDT",1729558800,97.65,102.29,W,26,9,,86,-5.4,-3.3,-7,,16100,1.7,4,,,,-3.3,-3.7
"2024-10-21 18:00:00 MDT",1729555200,97.63,102.27,WNW,29,4,,84,-5.8,-3.5,-5,,16100,1.8,4,,,,-3.3,-3.5
"2024-10-21 17:00:00 MDT",1729551600,97.63,102.26,NNW,34,9,,81,-6.2,-3.4,-7,,16100,1.8,4,,,,-3.3,-3.4
"2024-10-21 16:00:00 MDT",1729548000,97.67,102.3,N,35,13,,78,-6.7,-3.4,-8,,16100,1.7,3,,,,-3.2,-3.8
"2024-10-21 15:00:00 MDT",1729544400,97.63,102.26,NW,32,18,,81,-6.3,-3.5,-9,,16100,1.7,4,,,,-3.3,-3.7
"2024-10-21 14:00:00 MDT",1729540800,97.59,102.21,NW,32,22,,89,-5.1,-3.6,-10,,16100,1.6,4,,,,-3.1,-3.6
"2024-10-21 13:00:00 MDT",1729537200,97.57,102.19,NNW,34,18,28,88,-5.2,-3.5,-9,,16100,1.5,4,,,,-3.2,-3.5
"2024-10-21 12:00:00 MDT",1729533600,97.52,102.14,NNW,33,22,,87,-5.2,-3.3,-10,,16100,1.5,4,,,,-3.2,-3.3
"2024-10-21 11:00:00 MDT",1729530000,97.47,102.09,NNW,34,24,,88,-5,-3.3,-10,,12900,1.6,4,,,,-3.3,-3.5
"2024-10-21 10:00:00 MDT",1729526400,97.42,102.03,NNW,33,28,,90,-4.8,-3.4,-11,,3200,1.6,4,,,,-3.4,-3.5
"2024-10-21 09:00:00 MDT",1729522800,97.34,101.95,NNW,33,26,,90,-4.9,-3.5,-11,,4000,1.5,4,,,,-3.1,-3.5
"2024-10-21 08:00:00 MDT",1729519200,97.23,101.83,NNW,34,24,,92,-4.2,-3.1,-10,,3200,1.5,4,,,,-2.9,-3.1
"2024-10-21 07:00:00 MDT",1729515600,97.14,101.73,NNW,33,18,30,94,-3.7,-2.9,-9,,2000,1.4,4,,,,-2.8,-3
"2024-10-21 06:00:00 MDT",1729512000,97.05,101.63,NNW,33,24,30,93,-3.8,-2.8,-9,,2000,1.3,4,,,,-2.4,-2.8
"2024-10-21 05:00:00 MDT",1729508400,96.96,101.53,NNW,33,24,,97,-2.8,-2.4,-9,,1600,1.2,4,,,,-1.6,-2.4
"2024-10-21 04:00:00 MDT",1729504800,96.9,101.47,NW,32,18,,98,-1.9,-1.6,-7,,1600,1,4,,,,-1,-1.6
"2024-10-21 03:00:00 MDT",1729501200,96.84,101.4,NNW,33,17,,98,-1.3,-1,-6,,2000,1,4,,,,-0.6,-1
"2024-10-21 02:00:00 MDT",1729497600,96.81,101.37,NNW,33,13,,98,-0.8,-0.5,-5,,800,1,,,,,-0.2,-0.5
"2024-10-21 01:00:00 MDT",1729494000,96.79,101.35,N,35,11,,98,-0.5,-0.2,-4,,2400,1,4,,,,-0.1,-0.3
"2024-10-21 00:00:00 MDT",1729490400,96.77,101.33,N,36,9,,98,-0.3,0,-3,,2000,1,4,,,,0,-0.2
"2024-10-20 23:00:00 MDT",1729486800,96.82,101.39,N,36,9,,98,-0.5,-0.2,-3,,2000,1.1,4,,,,0,-0.2
"2024-10-20 22:00:00 MDT",1729483200,96.83,101.41,NNE,3,9,,98,-0.3,0,-3,,2000,1.1,4,,,,0.1,-0.1
"2024-10-20 21:00:00 MDT",1729479600,96.86,101.44,NNE,3,9,,97,-0.4,0,-3,,1200,1.2,4,,,,0.6,0
"2024-10-20 20:00:00 MDT",1729476000,96.86,101.43,E,8,5,,93,-0.3,0.7,,,4800,1.2,4,,,,1.3,0.7
"2024-10-20 19:00:00 MDT",1729472400,96.88,101.45,E,8,11,,89,-0.3,1.3,,,16100,1.3,4,,,,1.9,1.2
"2024-10-20 18:00:00 MDT",1729468800,96.94,101.51,E,8,11,,80,-1.2,1.9,,,16100,1.4,4,,,,2.6,1.9
"2024-10-20 17:00:00 MDT",1729465200,97,101.57,E,9,13,,73,-1.8,2.6,,,16100,1.4,4,,,,2.8,2.5
"2024-10-20 16:00:00 MDT",1729461600,97.06,101.63,E,10,5,,73,-1.8,2.6,,,16100,1.4,4,,,,2.6,2.1
"2024-10-20 15:00:00 MDT",1729458000,97.06,101.63,E,8,8,,74,-1.9,2.3,,,16100,1.4,4,,,,2.3,1.6
"2024-10-20 14:00:00 MDT",1729454400,97.13,101.7,N,1,5,,76,-1.9,1.8,,,16100,1.5,4,,,,2,0.9
"2024-10-20 13:00:00 MDT",1729450800,97.19,101.76,SSW,21,5,,79,-2.1,1.1,,,16100,1.5,4,,,,1.1,0.1
"2024-10-20 12:00:00 MDT",1729447200,97.12,101.69,WSW,24,4,,81,-2.7,0.2,,,16100,1.5,4,,,,0.3,-0.7
"2024-10-20 11:00:00 MDT",1729443600,97.13,101.71,W,27,5,,86,-2.8,-0.7,-2,,16100,,4,,,,-0.6,-1.5
"2024-10-20 10:00:00 MDT",1729440000,97.11,101.69,NW,31,11,,89,-3,-1.4,-5,,16100,1.5,4,,,,-1.4,-1.7
"2024-10-20 09:00:00 MDT",1729436400,97.08,101.66,NNW,33,15,,90,-3,-1.6,-6,,16100,1.5,4,,,,-1.3,-1.6
"2024-10-20 08:00:00 MDT",1729432800,97.01,101.58,N,35,18,,89,-2.9,-1.3,-7,,14500,1.4,4,,,,-1,-1.3
"2024-10-20 07:00:00 MDT",1729429200,96.93,101.49,NNW,33,18,,91,-2.3,-1,-6,,16100,1.4,4,,,,-0.7,-1
"2024-10-20 06:00:00 MDT",1729425600,96.85,101.4,NW,31,15,,93,-1.7,-0.7,-5,,16100,1.3,4,,,,-0.4,-0.7
"2024-10-20 05:00:00 MDT",1729422000,96.8,101.34,NNW,33,15,,97,-0.8,-0.4,-5,,16100,1.2,4,,,,0.2,-0.4
"2024-10-20 04:00:00 MDT",1729418400,96.71,101.24,NW,31,17,,98,-0.1,0.2,,,800,1.1,,,,,0.7,0.2
"2024-10-20 03:00:00 MDT",1729414800,96.63,101.15,NW,31,17,,96,0.1,0.7,,,4000,1,4,,,,1.2,0.7
"2024-10-20 02:00:00 MDT",1729411200,96.48,101,NW,32,18,,92,-0.1,1.1,,,16100,1.1,4,,,,1.3,1.1
"2024-10-20 01:00:00 MDT",1729407600,96.38,100.89,NNW,33,11,,92,0.1,1.3,,,16100,1.2,4,,,,1.4,1.3
"2024-10-20 00:00:00 MDT",1729404000,96.3,100.81,NNW,34,21,,88,-0.4,1.4,,,16100,1.3,4,,,,1.7,1.4
"2024-10-19 23:00:00 MDT",1729400400,96.25,100.76,NW,31,9,,87,-0.2,1.7,,,16100,1.4,4,,,,1.8,1.6
"2024-10-19 22:00:00 MDT",1729396800,96.18,100.69,NW,32,21,,88,0.1,1.9,,,16100,1.4,4,,,,2.5,1.9
"2024-10-19 21:00:00 MDT",1729393200,96.12,100.64,NW,32,9,,85,0.2,2.5,,,16100,2,4,,,,2.7,2.5
"2024-10-19 20:00:00 MDT",1729389600,96.09,100.61,NW,32,9,,84,0.3,2.7,,,16100,1.6,4,,,,3.1,2.7
"2024-10-19 19:00:00 MDT",1729386000,96.07,100.58,NW,32,15,,82,0.2,3,,,16100,2,3,,,,4.3,3
"2024-10-19 18:00:00 MDT",1729382400,96,100.5,NW,31,8,,78,0.7,4.2,,,16100,2,4,,,,6,4.2
"2024-10-19 17:00:00 MDT",1729378800,96.03,100.52,NW,32,8,,70,1.1,6.1,,,16100,3,4,,,,6.8,6.1
"2024-10-19 16:00:00 MDT",1729375200,96.05,100.53,NW,32,5,,67,1,6.8,,,16100,2,4,,,,7.5,6.7
"2024-10-19 15:00:00 MDT",1729371600,96.04,100.52,NW,32,5,,58,-0.5,7.3,,,16100,1.7,4,,,,7.4,6.8
"2024-10-19 14:00:00 MDT",1729368000,96.07,100.56,NW,32,5,,57,-1.1,6.9,,,16100,1.8,4,,,,7.3,6.8
"2024-10-19 13:00:00 MDT",1729364400,96.02,100.5,W,28,8,,54,-1.8,6.9,,,16100,1.9,4,,,,7.1,5.9
"2024-10-19 12:00:00 MDT",1729360800,96.07,100.56,WSW,25,13,,58,-1.6,5.9,,,16100,1.9,4,,,,6,5
"2024-10-19 11:00:00 MDT",1729357200,96.04,100.53,WNW,29,11,,64,-1,5.2,,,16100,1.7,4,,,,5.2,3.1
"2024-10-19 10:00:00 MDT",1729353600,95.99,100.48,NW,32,9,,70,-1.8,3.2,,,16100,1.5,4,,,,3.4,0.8
"2024-10-19 09:00:00 MDT",1729350000,95.95,100.45,SW,23,11,,76,-2.8,1,,,16100,1.3,4,,,,1.1,0.9
"2024-10-19 08:00:00 MDT",1729346400,95.94,100.44,SW,22,9,,78,-2.4,1,,,16100,1.4,4,,,,2.2,1
"2024-10-19 07:00:00 MDT",1729342800,95.94,100.44,SSW,21,4,,71,-2.7,2,,,16100,1.5,4,,,,2.9,1.6
"2024-10-19 06:00:00 MDT",1729339200,95.89,100.37,ENE,7,5,,68,-2.5,2.9,,,16100,1.6,4,,,,3.2,2.8
"2024-10-19 05:00:00 MDT",1729335600,95.94,100.41,SE,14,4,,65,-3,2.9,,,16100,1.7,4,,,,3.4,2.6
"2024-10-19 04:00:00 MDT",1729332000,95.94,100.4,ESE,11,11,,64,-2.8,3.4,,,16100,1.7,4,,,,3.4,3.2
"2024-10-19 03:00:00 MDT",1729328400,96,100.47,E,9,9,,64,-2.7,3.5,,,16100,1.8,4,,,,3.6,3.3
"2024-10-19 02:00:00 MDT",1729324800,96.03,100.5,E,10,5,,64,-2.7,3.5,,,16100,1.8,4,,,,4.1,3.5
"2024-10-19 01:00:00 MDT",1729321200,96.05,100.53,SE,13,13,,61,-2.9,4,,,16100,1.9,4,,,,4.1,3.8
"2024-10-19 00:00:00 MDT",1729317600,96.14,100.63,SE,13,13,,60,-3.3,3.8,,,16100,2,4,,,,4.2,3.7
"2024-10-18 23:00:00 MDT",1729314000,96.25,100.76,SE,14,15,,58,-3.4,4.1,,,16100,1.9,4,,,,4.6,4
"2024-10-18 22:00:00 MDT",1729310400,96.36,100.88,SE,14,13,,58,-3.2,4.3,,,16100,2,4,,,,5.7,4.2
"2024-10-18 21:00:00 MDT",1729306800,96.43,100.96,SSE,16,13,,55,-2.6,5.7,,,16100,2.2,4,,,,5.8,4.8
"2024-10-18 20:00:00 MDT",1729303200,96.49,101.03,SSE,16,13,,57,-2.7,5.1,,,16100,2.2,4,,,,5.1,3.6
"2024-10-18 19:00:00 MDT",1729299600,96.54,101.09,SSE,15,13,,57,-3.5,4.3,,,16100,2.1,4,,,,6.4,4.3
"2024-10-18 18:00:00 MDT",1729296000,96.59,101.12,S,18,13,,51,-3,6.4,,,16100,2.1,4,,,,9.7,6.4
"2024-10-18 17:00:00 MDT",1729292400,96.66,101.18,SSW,20,15,28,44,-2.2,9.5,,,16100,1.9,4,,,,10.5,9.2
"2024-10-18 16:00:00 MDT",1729288800,96.7,101.21,SW,22,21,,40,-2.5,10.4,,,16100,1.8,4,,,,10.5,9.9
"2024-10-18 15:00:00 MDT",1729285200,96.76,101.27,SW,23,26,35,41,-2.5,10.1,,,16100,1.6,4,,,,10.4,9.4
"2024-10-18 14:00:00 MDT",1729281600,96.81,101.32,SSW,21,22,,47,-1.1,9.7,,,16100,1.4,4,,,,9.8,8.3
"2024-10-18 13:00:00 MDT",1729278000,96.89,101.41,SSW,21,18,,53,-0.6,8.4,,,16100,1.2,4,,,,8.4,6.7
"2024-10-18 12:00:00 MDT",1729274400,96.92,101.44,S,18,9,,62,-0.1,6.7,,,16100,1.2,4,,,,6.7,3.7
"2024-10-18 11:00:00 MDT",1729270800,96.97,101.51,SW,23,8,,70,-1.3,3.6,,,16100,1.3,4,,,,3.7,1.1
"2024-10-18 10:00:00 MDT",1729267200,96.98,101.53,SW,23,5,,79,-2.1,1.1,,,16100,1.4,4,,,,1.1,-1.3
"2024-10-18 09:00:00 MDT",1729263600,96.94,101.5,SW,22,15,,86,-3.3,-1.3,-6,,16100,1.4,4,,,,-1.3,-3
"2024-10-18 08:00:00 MDT",1729260000,96.88,101.44,SW,23,11,,90,-4.2,-2.8,-7,,16100,1.4,4,,,,-2.6,-2.9
"2024-10-18 07:00:00 MDT",1729256400,96.83,101.39,SW,22,11,,90,-4,-2.6,-7,,16100,1.4,4,,,,-1.6,-2.6
"2024-10-18 06:00:00 MDT",1729252800,96.76,101.31,SW,23,13,,89,-3.2,-1.6,-6,,16100,1.4,4,,,,-0.4,-1.6
"2024-10-18 05:00:00 MDT",1729249200,96.68,101.22,W,26,15,,84,-2.7,-0.3,-5,,16100,1.4,4,,,,0.8,-0.4
"2024-10-18 04:00:00 MDT",1729245600,96.57,101.09,W,27,17,,80,-2.3,0.8,,,16100,1.4,4,,,,1.5,0.8
"2024-10-18 03:00:00 MDT",1729242000,96.46,100.98,W,27,21,,77,-2.1,1.5,,,16100,1.5,4,,,,3,1.5
"2024-10-18 02:00:00 MDT",1729238400,96.32,100.83,W,27,21,,71,-1.8,3,,,16100,1.6,4,,,,3.9,3
"2024-10-18 01:00:00 MDT",1729234800,96.2,100.7,W,28,22,32,67,-1.7,3.9,,,16100,1.6,4,,,,4.5,3.9
"2024-10-18 00:00:00 MDT",1729231200,96.1,100.59,W,28,26,39,67,-1.1,4.5,,,16100,1.7,4,,,,4.7,4.4
"2024-10-17 23:00:00 MDT",1729227600,95.96,100.44,W,27,24,35,65,-1.4,4.6,,,16100,1.8,4,,,,4.7,4.6
"2024-10-17 22:00:00 MDT",1729224000,95.87,100.35,W,27,24,34,66,-1.1,4.7,,,16100,1.8,4,,,,5,4.7
"2024-10-17 21:00:00 MDT",1729220400,95.78,100.25,W,27,22,35,66,-0.8,5,,,16100,1.8,4,,,,5.3,5
"2024-10-17 20:00:00 MDT",1729216800,95.68,100.14,W,28,35,52,65,-0.9,5.3,,,16100,1.7,4,,,,5.5,5
"2024-10-17 19:00:00 MDT",1729213200,95.59,100.05,W,27,30,43,75,0.9,5,,,16100,1.7,4,,,,5.7,4.7
"2024-10-17 18:00:00 MDT",1729209600,95.45,99.9,W,27,39,50,69,0.5,5.7,,,16100,1.7,4,,,,6.1,5.7
"2024-10-17 17:00:00 MDT",1729206000,95.39,99.83,WSW,25,24,39,75,1.6,5.7,,,16100,1.7,4,,,,6.1,5.6
"2024-10-17 16:00:00 MDT",1729202400,95.32,99.76,WSW,25,32,43,74,1.7,6.1,,,16100,1.7,4,,,,6.1,5.6
"2024-10-17 15:00:00 MDT",1729198800,95.25,99.69,WSW,25,24,34,79,2.3,5.6,,,16100,1.7,4,,,,5.6,5.1
"2024-10-17 14:00:00 MDT",1729195200,95.19,99.63,WSW,25,21,34,84,2.6,5.1,,,16100,1.5,4,,,,5.3,5
"2024-10-17 13:00:00 MDT",1729191600,95.15,99.58,W,26,24,39,82,2.2,5.1,,,16100,1.3,4,,,,5.1,4.7
"2024-10-17 12:00:00 MDT",1729188000,95.1,99.53,WSW,25,26,35,88,3,4.8,,,16100,1.2,4,,,,4.8,4.7
"2024-10-17 11:00:00 MDT",1729184400,95.07,99.5,WSW,25,22,34,90,3.3,4.8,,,16100,1.2,4,,,,5.1,4.8
"2024-10-17 10:00:00 MDT",1729180800,95.03,99.46,WSW,24,30,39,91,3.8,5.1,,,16100,1.2,4,,,,5.5,5.1
"2024-10-17 09:00:00 MDT",1729177200,95,99.42,WSW,24,22,35,93,4.6,5.6,,,16100,1.1,4,,,,6.2,5.6
"2024-10-17 08:00:00 MDT",1729173600,95,99.42,WSW,25,24,35,94,5.3,6.2,,,11300,1,4,,,,6.6,6.2
"2024-10-17 07:00:00 MDT",1729170000,94.97,99.39,WSW,25,21,,96,5.9,6.5,,,6400,1,4,,,,6.7,6.5
"2024-10-17 06:00:00 MDT",1729166400,94.97,99.39,WSW,24,15,,97,6.2,6.6,,,9700,1,4,,,,6.7,6.6
"2024-10-17 05:00:00 MDT",1729162800,95,99.42,WSW,25,15,,96,6.1,6.7,,,16100,1.1,4,,,,6.7,6.6
"2024-10-17 04:00:00 MDT",1729159200,95,99.42,WSW,25,13,,98,6.4,6.7,,,16100,1,4,,,,6.7,6.3
"2024-10-17 03:00:00 MDT",1729155600,95.06,99.49,WSW,24,11,,98,6,6.3,,,16100,1,4,,,,6.7,6.3
"2024-10-17 02:00:00 MDT",1729152000,95.08,99.51,W,26,8,,98,6.4,6.7,,,1600,1.3,4,,,,6.9,6.5
"2024-10-17 01:00:00 MDT",1729148400,95.17,99.6,WNW,28,4,,98,6.4,6.7,,,16100,1.5,4,,,,6.9,6.7
"2024-10-17 00:00:00 MDT",1729144800,95.21,99.64,N,36,0,,98,6.5,6.8,,,16100,1.6,4,,,,7.2,6.8
"2024-10-16 23:00:00 MDT",1729141200,95.3,99.74,SE,13,5,,97,6.8,7.2,,,16100,1.6,4,,,,7.3,7.1
"2024-10-16 22:00:00 MDT",1729137600,95.38,99.83,E,9,8,,97,6.7,7.1,,,16100,1.5,4,,,,7.1,6.9
"2024-10-16 21:00:00 MDT",1729134000,95.46,99.93,E,9,9,,97,6.5,6.9,,,16100,1.5,4,,,,7.1,6.9
"2024-10-16 20:00:00 MDT",1729130400,95.53,100.01,E,8,8,,97,6.6,7,,,16100,1.5,4,,,,7.2,7
"2024-10-16 19:00:00 MDT",1729126800,95.62,100.11,E,8,9,,97,6.6,7,,,16100,1.6,4,,,,7,6.8
"2024-10-16 18:00:00 MDT",1729123200,95.7,100.18,E,9,13,,96,6.2,6.8,,,12900,1.6,4,,,,6.8,6.7
"2024-10-16 17:00:00 MDT",1729119600,95.8,100.29,E,8,15,,96,6.1,6.7,,,16100,1.5,4,,,,6.7,6.4
"2024-10-16 16:00:00 MDT",1729116000,95.88,100.36,ENE,7,13,,96,5.8,6.4,,,16100,1.5,4,,,,6.4,5.9
"2024-10-16 15:00:00 MDT",1729112400,96.03,100.51,E,8,9,,93,4.9,5.9,,,16100,1.4,4,,,,5.9,5.7
"2024-10-16 14:00:00 MDT",1729108800,96.15,100.64,ENE,7,8,,90,4.3,5.8,,,16100,1.5,4,,,,6.7,5.8
"2024-10-16 13:00:00 MDT",1729105200,96.25,100.73,ESE,11,8,,78,3.1,6.7,,,16100,1.4,4,,,,7.4,6.7
"2024-10-16 12:00:00 MDT",1729101600,96.34,100.82,ESE,12,8,,65,0.8,6.8,,,16100,1.4,4,,,,6.8,5
"2024-10-16 11:00:00 MDT",1729098000,96.42,100.91,ENE,7,5,,75,1,5,,,16100,1.4,3,,,,5,3.5
"2024-10-16 10:00:00 MDT",1729094400,96.48,100.98,E,9,4,,80,0.3,3.5,,,16100,1.5,3,,,,3.5,-0.8
"2024-10-16 09:00:00 MDT",1729090800,96.55,101.06,N,36,0,,88,-2.5,-0.8,,,16100,1.5,4,,,,-0.5,-2
"2024-10-16 08:00:00 MDT",1729087200,96.58,101.1,ENE,7,4,,91,-2.4,-1.1,-2,,16100,1.4,4,,,,-1,-2.3
"2024-10-16 07:00:00 MDT",1729083600,96.65,101.17,SSE,15,5,,90,-3.3,-1.8,-4,,16100,1.2,4,,,,1.9,-2.1
"2024-10-16 06:00:00 MDT",1729080000,96.69,101.19,E,10,5,,80,-2.1,1,,,16100,1.2,3,,,,1.9,-1.2
"2024-10-16 05:00:00 MDT",1729076400,96.76,101.26,S,19,8,,81,-2.5,0.4,,,16100,1.2,4,,,,2.7,0.4
"2024-10-16 04:00:00 MDT",1729072800,96.79,101.28,SW,22,9,,75,-1.7,2.3,,,16100,1.2,4,,,,4.2,1.4
"2024-10-16 03:00:00 MDT",1729069200,96.84,101.32,SSW,21,11,,67,-1,4.6,,,16100,1.4,4,,,,5.6,3.9
"2024-10-16 02:00:00 MDT",1729065600,96.88,101.37,SSW,20,11,,72,-0.8,3.8,,,16100,1.6,4,,,,7.7,3.4
"2024-10-16 01:00:00 MDT",1729062000,96.91,101.39,SW,22,4,,65,0.1,6.2,,,16100,1.7,4,,,,9,5.7
"2024-10-16 00:00:00 MDT",1729058400,96.94,101.42,E,9,4,,58,0.4,8.1,,,16100,1.8,4,,,,8.8,7.8
"2024-10-15 23:00:00 MDT",1729054800,96.96,101.45,S,19,9,,56,0.5,8.8,,,16100,1.8,3,,,,8.9,8.5
"2024-10-15 22:00:00 MDT",1729051200,96.98,101.48,S,18,9,,56,0.3,8.6,,,16100,2,3,,,,9.8,8.6
"2024-10-15 21:00:00 MDT",1729047600,97.01,101.51,SSW,21,13,,52,0.4,9.8,,,16100,2,3,,,,9.9,9.5
"2024-10-15 20:00:00 MDT",1729044000,96.99,101.49,S,19,13,,52,0.4,9.8,,,16100,2.2,4,,,,10.9,9.6
"2024-10-15 19:00:00 MDT",1729040400,97,101.48,S,19,8,,47,0.1,10.9,,,16100,2.3,4,,,,12.2,10.8
"2024-10-15 18:00:00 MDT",1729036800,97.04,101.52,SW,22,9,,42,-0.2,12.3,,,16100,2.2,3,,,,13.9,12.2
"2024-10-15 17:00:00 MDT",1729033200,97.06,101.54,WSW,24,9,,41,1,14,,,16100,2.2,4,,,,15.6,14
"2024-10-15 16:00:00 MDT",1729029600,97.08,101.55,W,26,13,,42,2.8,15.6,,,16100,2.2,4,,,,15.7,15.2
"2024-10-15 15:00:00 MDT",1729026000,97.1,101.57,WSW,24,15,,45,3.7,15.5,,,16100,2.1,4,,,,15.9,14.9
"2024-10-15 14:00:00 MDT",1729022400,97.11,101.58,W,26,15,,46,3.6,15,,,16100,2,4,,,,15,13.9
"2024-10-15 13:00:00 MDT",1729018800,97.14,101.61,W,28,18,,50,3.8,13.9,,,16100,1.8,4,,,,14.1,12.5
"2024-10-15 12:00:00 MDT",1729015200,97.13,101.61,W,28,18,,55,3.7,12.5,,,16100,1.7,4,,,,12.8,10.8
"2024-10-15 11:00:00 MDT",1729011600,97.14,101.63,W,26,21,,61,3.7,10.9,,,16100,1.7,4,,,,10.9,8.5
"2024-10-15 10:00:00 MDT",1729008000,97.11,101.6,SW,23,15,,72,4.1,8.8,,,16100,1.6,4,,,,9.1,7.7
"2024-10-15 09:00:00 MDT",1729004400,97.05,101.54,WSW,24,5,,79,4.3,7.7,,,16100,1.6,3,,,,8.2,7.4
"2024-10-15 08:00:00 MDT",1729000800,96.97,101.45,WSW,24,11,,81,5,8,,,16100,1.5,4,,,,9.7,7.9
"2024-10-15 07:00:00 MDT",1728997200,96.95,101.42,WSW,24,15,,74,5.4,9.8,,,16100,1.6,4,,,,10.4,9.8
"2024-10-15 06:00:00 MDT",1728993600,96.91,101.37,SW,23,15,,78,6.5,10.1,,,16100,1.5,4,,,,10.2,7.9
"2024-10-15 05:00:00 MDT",1728990000,96.84,101.3,SW,23,9,,87,5.9,7.9,,,16100,1.6,4,,,,9,7.8
"2024-10-15 04:00:00 MDT",1728986400,96.78,101.23,SSW,20,5,,83,6.3,9,,,16100,1.5,4,,,,9.4,8.5
"2024-10-15 03:00:00 MDT",1728982800,96.74,101.19,S,17,5,,78,5.6,9.3,,,16100,1.5,4,,,,10.2,8.9
"2024-10-15 02:00:00 MDT",1728979200,96.74,101.19,S,18,5,,69,4.7,10.1,,,16100,1.6,4,,,,10.9,9.8
"2024-10-15 01:00:00 MDT",1728975600,96.69,101.14,SSW,20,9,,62,3.9,10.9,,,16100,1.7,4,,,,11.6,10.8
"2024-10-15 00:00:00 MDT",1728972000,96.64,101.1,S,17,8,,55,2.9,11.6,,,16100,1.8,4,,,,11.8,10.6
"2024-10-14 23:00:00 MDT",1728968400,96.6,101.07,SSE,15,9,,56,2.7,11.1,,,16100,1.9,4,,,,11.9,11.1
"2024-10-14 22:00:00 MDT",1728964800,96.58,101.05,SE,13,11,,53,2.5,11.7,,,16100,1.9,4,,,,13.1,11.6
"2024-10-14 21:00:00 MDT",1728961200,96.61,101.08,S,18,9,,48,2.4,13,,,16100,1.9,4,,,,13.2,12.8
"2024-10-14 20:00:00 MDT",1728957600,96.56,101.04,SE,14,13,,48,2.5,13.2,,,16100,1.9,4,,,,13.9,13.2
"2024-10-14 19:00:00 MDT",1728954000,96.5,100.96,ESE,12,17,,46,2.6,14,,,16100,2,4,,,,14.8,14
"2024-10-14 18:00:00 MDT",1728950400,96.48,100.94,ESE,12,13,,43,2.4,14.8,,,16100,1.9,4,,,,16.3,14.8
"2024-10-14 17:00:00 MDT",1728946800,96.47,100.92,SE,14,22,32,39,2.3,16.3,,,16100,1.9,3,,,,16.6,16.2
"2024-10-14 16:00:00 MDT",1728943200,96.46,100.91,SE,13,21,,40,3,16.5,,,16100,1.8,3,,,,16.7,15.6
"2024-10-14 15:00:00 MDT",1728939600,96.48,100.94,ESE,12,24,37,41,2.5,15.6,,,16100,1.8,3,,,,15.6,14.8
"2024-10-14 14:00:00 MDT",1728936000,96.56,101.03,SE,13,22,32,43,2.3,14.8,,,16100,1.7,3,,,,14.8,13.8
"2024-10-14 13:00:00 MDT",1728932400,96.59,101.06,SE,14,30,39,42,1.5,14.1,,,16100,1.6,3,,,,14.3,12
"2024-10-14 12:00:00 MDT",1728928800,96.65,101.13,ESE,11,21,,48,1.3,11.9,,,16100,1.6,3,,,,11.9,8.7
"2024-10-14 11:00:00 MDT",1728925200,96.65,101.13,ESE,11,22,29,56,0.4,8.6,,,16100,1.6,4,,,,8.6,7.1
"2024-10-14 10:00:00 MDT",1728921600,96.76,101.25,ESE,12,17,,60,-0.1,7.1,,,16100,1.6,4,,,,7.1,5.8
"2024-10-14 09:00:00 MDT",1728918000,96.75,101.25,ESE,12,21,,63,-0.7,5.8,,,16100,1.6,4,,,,5.8,4.7
"2024-10-14 08:00:00 MDT",1728914400,96.77,101.27,ESE,11,17,,66,-1.1,4.7,,,16100,1.6,4,,,,6.5,4.6
"2024-10-14 07:00:00 MDT",1728910800,96.84,101.33,ESE,12,8,,62,-0.3,6.5,,,16100,1.6,4,,,,7,6.5
"2024-10-14 06:00:00 MDT",1728907200,96.84,101.32,ESE,12,15,,62,-0.2,6.6,,,16100,1.6,4,,,,6.6,6.2
"2024-10-14 05:00:00 MDT",1728903600,96.92,101.39,ESE,12,15,,63,0,6.5,,,16100,1.6,4,,,,6.5,5.9
"2024-10-14 04:00:00 MDT",1728900000,96.92,101.4,ESE,11,15,,66,0,5.9,,,16100,1.7,4,,,,5.9,5.3
"2024-10-14 03:00:00 MDT",1728896400,96.98,101.47,ESE,12,17,,67,-0.3,5.3,,,16100,1.7,4,,,,5.6,5.1
"2024-10-14 02:00:00 MDT",1728892800,97.02,101.52,ESE,12,15,,66,-0.3,5.5,,,16100,1.9,4,,,,6.1,5.5
"2024-10-14 01:00:00 MDT",1728889200,97.02,101.52,ESE,12,15,,64,-0.2,6.1,,,16100,1.9,4,,,,6.5,6
"2024-10-14 00:00:00 MDT",1728885600,97.05,101.55,ESE,12,15,,62,-0.1,6.6,,,16100,2,4,,,,8.1,6.6
"2024-10-13 23:00:00 MDT",1728882000,97.08,101.58,SE,13,18,,57,0.1,8.1,,,16100,2,4,,,,8.6,7.8
"2024-10-13 22:00:00 MDT",1728878400,97.1,101.62,SE,13,17,,55,0.1,8.6,,,16100,2.1,4,,,,9.2,8.5
"2024-10-13 21:00:00 MDT",1728874800,97.13,101.66,SE,13,17,,53,0.1,9.1,,,16100,2.2,4,,,,9.6,9
"2024-10-13 20:00:00 MDT",1728871200,97.14,101.67,ESE,12,13,,51,0.1,9.7,,,16100,2.2,4,,,,11.4,9.7
"2024-10-13 19:00:00 MDT",1728867600,97.14,101.66,SE,14,13,,45,-0.1,11.4,,,16100,2.3,4,,,,13.4,11.4
"2024-10-13 18:00:00 MDT",1728864000,97.12,101.63,SSE,15,15,,39,-0.2,13.4,,,16100,2.2,4,,,,15.7,13.4
"2024-10-13 17:00:00 MDT",1728860400,97.13,101.64,SSE,16,18,,33,-0.3,15.7,,,16100,2.1,4,,,,16.1,15.2
"2024-10-13 16:00:00 MDT",1728856800,97.18,101.69,S,17,18,30,32,-0.7,15.7,,,16100,2.1,4,,,,16.4,14.3
"2024-10-13 15:00:00 MDT",1728853200,97.21,101.72,SE,13,22,32,36,-0.1,14.7,,,16100,2,4,,,,14.7,12.6
"2024-10-13 14:00:00 MDT",1728849600,97.27,101.79,SE,14,28,37,38,-1.1,12.8,,,16100,1.9,4,,,,12.8,11.3
"2024-10-13 13:00:00 MDT",1728846000,97.39,101.92,SE,14,24,34,40,-1.5,11.5,,,16100,1.8,4,,,,12.5,11.4
"2024-10-13 12:00:00 MDT",1728842400,97.44,101.97,SE,14,24,31,40,-1.6,11.5,,,16100,1.7,4,,,,12.3,9
"2024-10-13 11:00:00 MDT",1728838800,97.55,102.11,SE,13,17,,47,-1.8,9,,,16100,1.6,4,,,,9,5.6
"2024-10-13 10:00:00 MDT",1728835200,97.61,102.18,ESE,12,18,,56,-2.5,5.7,,,16100,1.6,4,,,,5.7,2.6
"2024-10-13 09:00:00 MDT",1728831600,97.7,102.29,ESE,12,17,,66,-3.2,2.5,,,16100,1.5,4,,,,2.5,1.2
"2024-10-13 08:00:00 MDT",1728828000,97.74,102.33,ESE,11,18,28,69,-3.8,1.3,,,16100,1.5,4,,,,1.6,1.3
"2024-10-13 07:00:00 MDT",1728824400,97.81,102.39,ESE,11,17,,68,-3.8,1.5,,,16100,1.5,4,,,,2.1,1.4
"2024-10-13 06:00:00 MDT",1728820800,97.88,102.45,ESE,11,17,,64,-4.1,2,,,16100,1.5,4,,,,2.1,1.4
"2024-10-13 05:00:00 MDT",1728817200,97.95,102.52,ESE,11,13,,66,-4.2,1.5,,,16100,1.7,4,,,,2.4,1.5
"2024-10-13 04:00:00 MDT",1728813600,97.99,102.56,ESE,11,13,,64,-4.1,2,,,16100,1.6,4,,,,2.2,1.3
"2024-10-13 03:00:00 MDT",1728810000,98.03,102.6,E,10,9,,68,-4.1,1.2,,,16100,2,4,,,,3,1.1
"2024-10-13 02:00:00 MDT",1728806400,98.06,102.63,ESE,12,11,,60,-4,3,,,16100,1.5,4,,,,3.6,3
"2024-10-13 01:00:00 MDT",1728802800,98.08,102.65,SE,14,11,,57,-4.1,3.6,,,16100,1.5,4,,,,3.8,2.6
"2024-10-13 00:00:00 MDT",1728799200,98.09,102.68,SE,13,13,,59,-4.4,2.8,,,16100,1.7,4,,,,2.8,1.3
"2024-10-12 23:00:00 MDT",1728795600,98.13,102.73,SSE,15,13,,63,-5.1,1.2,,,16100,2,4,,,,1.6,1.1
"2024-10-12 22:00:00 MDT",1728792000,98.13,102.75,SSE,15,15,,70,-3.8,1.1,,,16100,2,4,,,,2.6,1
"2024-10-12 21:00:00 MDT",1728788400,98.16,102.78,SSE,16,13,,56,-5.2,2.7,,,16100,3,4,,,,4.2,2.6
"2024-10-12 20:00:00 MDT",1728784800,98.16,102.78,SSE,16,11,,54,-4.6,3.9,,,16100,2.5,4,,,,5.9,2.7
"2024-10-12 19:00:00 MDT",1728781200,98.16,102.78,SE,14,9,,53,-3.6,5.2,,,14500,3,4,,,,9.3,4.7
"2024-10-12 18:00:00 MDT",1728777600,98.16,102.75,E,8,4,,40,-3.8,9.3,,,16100,2.3,4,,,,10.9,9.3
"2024-10-12 17:00:00 MDT",1728774000,98.15,102.74,N,36,0,,35,-4.3,10.5,,,16100,2.2,4,,,,11,10.4
"2024-10-12 16:00:00 MDT",1728770400,98.14,102.72,NNW,33,11,,36,-3.9,10.7,,,16100,2.1,4,,,,11.3,10.6
"2024-10-12 15:00:00 MDT",1728766800,98.12,102.7,NNW,34,8,,38,-3,10.8,,,16100,2,4,,,,11.2,10.1
"2024-10-12 14:00:00 MDT",1728763200,98.11,102.69,NW,32,8,,45,-1.2,10.1,,,16100,2,4,,,,10.2,8.2
"2024-10-12 13:00:00 MDT",1728759600,98.1,102.68,WNW,30,9,,51,-1.2,8.3,,,16100,2,4,,,,8.5,6.7
"2024-10-12 12:00:00 MDT",1728756000,98.06,102.65,NW,31,8,,61,-0.4,6.6,,,16100,1.3,4,,,,6.9,4.6
"2024-10-12 11:00:00 MDT",1728752400,98.02,102.61,WSW,24,13,,71,-0.3,4.5,,,16100,1.4,4,,,,4.5,2.1
"2024-10-12 10:00:00 MDT",1728748800,97.99,102.59,WSW,24,9,,81,-0.9,2,,,16100,1.4,4,,,,2,-0.5
"2024-10-12 09:00:00 MDT",1728745200,97.92,102.53,SSW,20,8,,89,-2.1,-0.5,-3,,16100,1.6,4,,,,-0.5,-2
"2024-10-12 08:00:00 MDT",1728741600,97.84,102.44,SW,22,13,,92,-3.1,-2,-6,,16100,1.4,4,,,,-2,-2.3
"2024-10-12 07:00:00 MDT",1728738000,97.76,102.35,SSW,21,11,,93,-3,-2,-6,,16100,1.4,4,,,,-1.2,-2
"2024-10-12 06:00:00 MDT",1728734400,97.72,102.29,SW,22,11,,94,-2.1,-1.3,-5,,16100,1.3,4,,,,-0.7,-1.3
"2024-10-12 05:00:00 MDT",1728730800,97.66,102.22,WSW,24,11,,94,-1.6,-0.7,-4,,16100,1.1,4,,,,0.3,-0.7
"2024-10-12 04:00:00 MDT",1728727200,97.61,102.16,WSW,25,9,,95,-0.8,-0.1,-3,,16100,1.2,4,,,,0.3,-0.5
"2024-10-12 03:00:00 MDT",1728723600,97.58,102.13,WSW,25,8,,94,-0.5,0.3,,,16100,1.3,4,,,,1.1,0.3
"2024-10-12 02:00:00 MDT",1728720000,97.52,102.07,SW,23,11,,94,0,0.9,,,16100,1.4,4,,,,1.6,0.9
"2024-10-12 01:00:00 MDT",1728716400,97.5,102.05,WSW,24,11,,93,0.6,1.6,,,16100,1.5,4,,,,2.5,1.6
"2024-10-12 00:00:00 MDT",1728712800,97.49,102.05,SW,23,15,,90,1.1,2.5,,,16100,1.5,4,,,,3,2.5
"2024-10-11 23:00:00 MDT",1728709200,97.51,102.08,SW,22,15,,87,1.1,3,,,16100,1.6,4,,,,3.5,2.6
"2024-10-11 22:00:00 MDT",1728705600,97.5,102.08,SW,23,11,,85,1,3.3,,,16100,1.7,4,,,,3.9,3.2
"2024-10-11 21:00:00 MDT",1728702000,97.48,102.07,SSW,21,15,,79,0.1,3.4,,,16100,1.8,4,,,,4.9,3.4
"2024-10-11 20:00:00 MDT",1728698400,97.48,102.07,SSW,20,15,,63,-1.7,4.8,,,16100,1.8,4,,,,6.3,4.7
"2024-10-11 19:00:00 MDT",1728694800,97.44,102.01,SSW,21,13,,56,-1.8,6.4,,,16100,1.8,4,,,,9.5,6.4
"2024-10-11 18:00:00 MDT",1728691200,97.42,101.97,SW,23,11,,47,-1.1,9.7,,,16100,1.7,4,,,,11.1,9.6
"2024-10-11 17:00:00 MDT",1728687600,97.43,101.98,WSW,24,15,,42,-1.3,11.1,,,16100,1.6,3,,,,11.6,10.9
"2024-10-11 16:00:00 MDT",1728684000,97.43,101.98,SW,22,15,,42,-1,11.5,,,16100,1.5,4,,,,11.8,10.6
"2024-10-11 15:00:00 MDT",1728680400,97.45,101.99,SW,23,17,,45,-0.4,11.1,,,16100,1.5,3,,,,11.6,10.4
"2024-10-11 14:00:00 MDT",1728676800,97.49,102.04,SW,22,11,,47,-0.3,10.4,,,16100,1.4,3,,,,10.4,8.9
"2024-10-11 13:00:00 MDT",1728673200,97.52,102.07,W,26,11,,55,0.5,8.9,,,16100,1.3,3,,,,9,7
"2024-10-11 12:00:00 MDT",1728669600,97.56,102.12,SSW,21,13,,62,0.2,7,,,16100,1.3,3,,,,7,3.3
"2024-10-11 11:00:00 MDT",1728666000,97.62,102.2,SE,14,5,,82,0.4,3.2,,,16100,1.3,4,,,,3.2,0.9
"2024-10-11 10:00:00 MDT",1728662400,97.65,102.23,ESE,10,4,,86,-1.2,0.9,,,16100,1.3,3,,,,0.9,-0.8
"2024-10-11 09:00:00 MDT",1728658800,97.67,102.26,E,10,5,,90,-2.2,-0.8,-2,,16100,1.3,3,,,,-0.8,-2.1
"2024-10-11 08:00:00 MDT",1728655200,97.66,102.25,E,9,8,,90,-3.2,-1.8,-5,,16100,1.3,3,,,,-0.2,-1.9
"2024-10-11 07:00:00 MDT",1728651600,97.7,102.27,SSW,19,4,,82,-3,-0.2,-1,,16100,1.3,4,,,,0.3,-0.4
"2024-10-11 06:00:00 MDT",1728648000,97.71,102.27,SW,23,13,,84,-2.6,-0.2,-4,,16100,1.3,4,,,,0,-0.7
"2024-10-11 05:00:00 MDT",1728644400,97.69,102.24,WSW,24,5,,85,-2.3,-0.1,-2,,16100,1.3,4,,,,0.3,-0.3
"2024-10-11 04:00:00 MDT",1728640800,97.69,102.24,SW,22,11,,85,-2.4,-0.2,-4,,16100,1.4,4,,,,0.8,-0.3
"2024-10-11 03:00:00 MDT",1728637200,97.71,102.26,SSW,21,13,,83,-2,0.6,,,16100,1.4,4,,,,1,0.6
"2024-10-11 02:00:00 MDT",1728633600,97.68,102.23,SSW,21,9,,82,-1.8,0.9,,,16100,1.4,4,,,,1.6,0.5
"2024-10-11 01:00:00 MDT",1728630000,97.65,102.19,SSW,21,13,,80,-1.5,1.6,,,16100,1.5,4,,,,2.5,1.3
"2024-10-11 00:00:00 MDT",1728626400,97.63,102.18,SSW,21,11,,76,-1.4,2.4,,,16100,1.5,4,,,,3.5,2.1
"2024-10-10 23:00:00 MDT",1728622800,97.62,102.17,SSW,21,13,,73,-1.2,3.3,,,16100,1.5,4,,,,5.4,3.3
"2024-10-10 22:00:00 MDT",1728619200,97.57,102.13,SW,23,9,,66,-0.9,4.9,,,16100,1.6,4,,,,5.3,4.4
"2024-10-10 21:00:00 MDT",1728615600,97.53,102.1,SW,23,15,,65,-0.9,5.1,,,16100,1.6,4,,,,6.7,5.1
"2024-10-10 20:00:00 MDT",1728612000,97.48,102.04,SW,23,13,,59,-0.7,6.7,,,16100,1.7,4,,,,8,6.6
"2024-10-10 19:00:00 MDT",1728608400,97.43,101.99,SW,23,13,,54,-0.7,8,,,16100,1.7,4,,,,11.3,8
"2024-10-10 18:00:00 MDT",1728604800,97.39,101.93,WSW,24,17,,45,-0.3,11.2,,,16100,1.7,4,,,,12.5,11.2
"2024-10-10 17:00:00 MDT",1728601200,97.35,101.88,W,26,26,,40,-0.6,12.5,,,16100,1.7,4,,,,13.1,12.5
"2024-10-10 16:00:00 MDT",1728597600,97.35,101.88,W,26,22,32,38,-0.9,12.9,,,16100,1.7,4,,,,13.2,12.1
"2024-10-10 15:00:00 MDT",1728594000,97.35,101.88,WSW,25,22,35,44,0.2,12,,,16100,1.7,3,,,,12.8,11.7
"2024-10-10 14:00:00 MDT",1728590400,97.34,101.87,WSW,25,26,35,46,0.9,12,,,16100,1.7,3,,,,13.4,11.9
"2024-10-10 13:00:00 MDT",1728586800,97.33,101.85,WNW,30,18,,46,1.7,12.9,,,16100,1.5,4,,,,13,11.1
"2024-10-10 12:00:00 MDT",1728583200,97.34,101.87,WSW,24,11,,56,2.6,11.1,,,16100,1.4,4,,,,11.1,8.7
"2024-10-10 11:00:00 MDT",1728579600,97.34,101.88,WSW,25,9,,65,2.4,8.6,,,16100,1.2,4,,,,8.8,5
"2024-10-10 10:00:00 MDT",1728576000,97.36,101.91,WSW,24,11,,77,1.3,5.1,,,16100,1.1,4,,,,5.1,1.6
"2024-10-10 09:00:00 MDT",1728572400,97.31,101.87,S,18,9,,87,-0.4,1.5,,,16100,1.1,4,,,,1.7,-0.2
"2024-10-10 08:00:00 MDT",1728568800,97.27,101.83,N,36,0,,91,-0.4,0.9,,,16100,1.1,4,,,,1.1,-0.2
"2024-10-10 07:00:00 MDT",1728565200,97.23,101.77,N,36,0,,91,-0.9,0.4,,,16100,1.1,4,,,,2.1,0.4
"2024-10-10 06:00:00 MDT",1728561600,97.21,101.74,N,36,0,,84,-0.5,1.9,,,16100,1.1,4,,,,2.2,1.5
"2024-10-10 05:00:00 MDT",1728558000,97.18,101.7,SW,22,11,,85,-0.6,1.7,,,16100,1.1,4,,,,1.8,0.9
"2024-10-10 04:00:00 MDT",1728554400,97.14,101.66,SW,23,13,,87,-1.1,0.8,,,16100,1.2,4,,,,1.1,0.4
"2024-10-10 03:00:00 MDT",1728550800,97.1,101.62,SW,22,4,,87,-0.8,1.1,,,16100,1.3,3,,,,2.1,0
"2024-10-10 02:00:00 MDT",1728547200,97.07,101.59,SSW,21,9,,83,-0.6,2,,,16100,1.4,4,,,,2.7,1.5
"2024-10-10 01:00:00 MDT",1728543600,97.05,101.57,N,36,0,,83,-0.1,2.5,,,16100,1.4,4,,,,3.5,1.8
"2024-10-10 00:00:00 MDT",1728540000,97.03,101.55,SSW,20,8,,78,-0.2,3.3,,,16100,1.5,4,,,,3.7,3
"2024-10-09 23:00:00 MDT",1728536400,96.99,101.51,SSW,20,13,,77,-0.1,3.6,,,16100,1.5,4,,,,3.9,3.3
"2024-10-09 22:00:00 MDT",1728532800,96.96,101.49,SSW,20,15,,77,-0.3,3.4,,,16100,1.5,4,,,,5.2,3.4
"2024-10-09 21:00:00 MDT",1728529200,96.93,101.45,SSW,20,11,,70,0.2,5.2,,,16100,1.7,4,,,,5.9,4.8
"2024-10-09 20:00:00 MDT",1728525600,96.9,101.43,S,19,9,,69,0.1,5.3,,,16100,1.9,4,,,,9.5,4.6
"2024-10-09 19:00:00 MDT",1728522000,96.86,101.37,WNW,29,8,,57,1.2,9.3,,,16100,2,4,,,,10.6,8.8
"2024-10-09 18:00:00 MDT",1728518400,96.83,101.33,W,28,9,,53,1.5,10.6,,,16100,2,3,,,,12.3,10.6
"2024-10-09 17:00:00 MDT",1728514800,96.8,101.29,WNW,29,13,,47,1.4,12.3,,,16100,2,4,,,,12.4,11.4
"2024-10-09 16:00:00 MDT",1728511200,96.78,101.26,WNW,29,21,,44,0.8,12.6,,,16100,1.9,4,,,,12.8,11.9
"2024-10-09 15:00:00 MDT",1728507600,96.82,101.3,WSW,25,15,,46,0.9,12.1,,,16100,1.9,3,,,,12.2,11.4
"2024-10-09 14:00:00 MDT",1728504000,96.84,101.32,WNW,29,17,,51,1.6,11.4,,,16100,1.8,4,,,,11.5,10.4
"2024-10-09 13:00:00 MDT",1728500400,96.84,101.33,W,26,13,28,53,1.5,10.5,,,16100,1.7,2,,,,11.1,9.2
"2024-10-09 12:00:00 MDT",1728496800,96.85,101.33,WNW,29,15,,58,1.5,9.3,,,16100,1.6,4,,,,9.5,8
"2024-10-09 11:00:00 MDT",1728493200,96.84,101.32,WNW,29,24,,62,1.3,8.2,,,16100,1.6,2,,,,8.4,6.9
"2024-10-09 10:00:00 MDT",1728489600,96.81,101.29,W,28,17,30,67,1.3,6.9,,,16100,1.6,3,,,,6.9,6.6
"2024-10-09 09:00:00 MDT",1728486000,96.74,101.2,WSW,24,17,32,67,1,6.6,,,16100,1.7,4,,,,6.6,4.7
"2024-10-09 08:00:00 MDT",1728482400,96.63,101.09,SW,23,21,,74,0.4,4.7,,,16100,1.7,3,,,,4.7,3.7
"2024-10-09 07:00:00 MDT",1728478800,96.6,101.06,SW,23,17,,76,0.5,4.3,,,16100,1.6,4,,,,5.2,4.3
"2024-10-09 06:00:00 MDT",1728475200,96.55,101,SW,23,17,,72,0.6,5.2,,,16100,1.6,4,,,,6.1,5.2
"2024-10-09 05:00:00 MDT",1728471600,96.49,100.93,SW,22,21,,72,1.1,5.7,,,16100,1.6,4,,,,5.9,5.4
"2024-10-09 04:00:00 MDT",1728468000,96.43,100.87,SW,22,18,,77,1.8,5.5,,,16100,1.7,4,,,,6.5,5.4
"2024-10-09 03:00:00 MDT",1728464400,96.39,100.82,SW,22,17,,77,2.7,6.5,,,16100,1.7,4,,,,7.8,6.4
"2024-10-09 02:00:00 MDT",1728460800,96.35,100.78,SW,23,17,,74,3.5,7.8,,,16100,1.7,4,,,,8.2,7.8
"2024-10-09 01:00:00 MDT",1728457200,96.3,100.73,SSW,21,15,,78,4.3,7.9,,,16100,1.7,4,,,,9.8,7.9
"2024-10-09 00:00:00 MDT",1728453600,96.23,100.66,SW,23,21,,79,6.4,9.8,,,16100,1.8,4,,,,10.8,9.7
"2024-10-08 23:00:00 MDT",1728450000,96.15,100.57,SW,23,21,,83,8.1,10.8,,,16100,1.8,4,,,,13.1,10.8
"2024-10-08 22:00:00 MDT",1728446400,96.07,100.49,WSW,24,22,32,73,8.5,13.2,,,16100,2,4,,,,15.7,13
"2024-10-08 21:00:00 MDT",1728442800,95.98,100.39,W,27,37,50,63,8.8,15.8,,,16100,2.1,4,,,,18.5,15.8
"2024-10-08 20:00:00 MDT",1728439200,95.75,100.14,SW,22,26,41,47,7.1,18.5,,,16100,2.2,4,,,,18.5,16.5
"2024-10-08 19:00:00 MDT",1728435600,95.64,100.03,ESE,12,13,,52,7.9,17.8,,,16100,2.2,4,,,,18.8,17.7
"2024-10-08 18:00:00 MDT",1728432000,95.66,100.05,SE,13,11,,50,8.2,18.7,,,16100,2.1,4,,,,20.2,18.7
"2024-10-08 17:00:00 MDT",1728428400,95.66,100.05,SE,13,13,,47,7.9,19.4,,,16100,2,4,,,,20.5,19.4
"2024-10-08 16:00:00 MDT",1728424800,95.7,100.09,ESE,12,13,,46,8.2,20,,,16100,1.9,4,,,,20.8,19.8
"2024-10-08 15:00:00 MDT",1728421200,95.75,100.14,SE,13,17,,44,7.5,20,,,16100,1.7,4,,,,20.6,17.8
"2024-10-08 14:00:00 MDT",1728417600,95.8,100.19,E,8,11,,53,8.3,17.8,,,16100,1.6,4,,,,18.1,17.3
"2024-10-08 13:00:00 MDT",1728414000,95.88,100.27,ESE,11,5,,57,8.6,17.2,,,16100,1.5,4,,,,17.2,13.7
"2024-10-08 12:00:00 MDT",1728410400,95.99,100.4,NNW,34,5,,70,8.6,14,,,16100,1.5,4,,,,15.5,14
"2024-10-08 11:00:00 MDT",1728406800,96.03,100.43,ESE,11,11,,61,7.9,15.4,,,16100,1.4,4,,,,15.4,11.9
"2024-10-08 10:00:00 MDT",1728403200,96.08,100.49,E,10,11,,73,7.1,11.8,,,16100,1.4,4,,,,11.8,10
"2024-10-08 09:00:00 MDT",1728399600,96.12,100.54,E,9,13,,78,6.4,10,,,16100,1.4,4,,,,10,8.8
"2024-10-08 08:00:00 MDT",1728396000,96.14,100.56,E,8,4,,80,6.4,9.7,,,16100,1.5,4,,,,9.7,8.4
"2024-10-08 07:00:00 MDT",1728392400,96.21,100.63,E,8,5,,77,6,9.8,,,16100,1.4,4,,,,10,8.4
"2024-10-08 06:00:00 MDT",1728388800,96.2,100.61,ENE,7,5,,77,6.1,9.9,,,16100,1.4,4,,,,10.2,8.4
"2024-10-08 05:00:00 MDT",1728385200,96.24,100.65,E,10,5,,78,5.8,9.4,,,16100,1.4,4,,,,10.4,8.2
"2024-10-08 04:00:00 MDT",1728381600,96.27,100.68,N,36,0,,80,5.8,9,,,16100,1.6,4,,,,10.9,8.2
"2024-10-08 03:00:00 MDT",1728378000,96.27,100.68,SE,14,4,,77,6.2,10,,,16100,1.6,4,,,,12,9.3
"2024-10-08 02:00:00 MDT",1728374400,96.28,100.7,N,36,0,,69,6.1,11.5,,,16100,1.7,4,,,,13.3,11.3
"2024-10-08 01:00:00 MDT",1728370800,96.28,100.7,S,18,8,,62,6.2,13.3,,,16100,1.7,4,,,,13.3,12.8
"2024-10-08 00:00:00 MDT",1728367200,96.3,100.73,SSW,21,9,,62,6.2,13.3,,,16100,1.8,4,,,,14.7,13.1
"2024-10-07 23:00:00 MDT",1728363600,96.3,100.74,N,36,0,,58,6.3,14.3,,,16100,1.9,4,,,,15.4,14.1
"2024-10-07 22:00:00 MDT",1728360000,96.3,100.74,SSW,20,9,,54,6.2,15.4,,,16100,2,4,,,,15.9,15.3
"2024-10-07 21:00:00 MDT",1728356400,96.3,100.75,SSW,21,13,,54,6.6,15.8,,,16100,2.1,4,,,,16.5,15.8
"2024-10-07 20:00:00 MDT",1728352800,96.29,100.75,SW,22,11,,53,6.8,16.3,,,16100,2.3,4,,,,17.4,16.2
"2024-10-07 19:00:00 MDT",1728349200,96.29,100.75,S,18,13,,49,6.6,17.3,,,16100,2.3,4,,,,18.8,17.3
"2024-10-07 18:00:00 MDT",1728345600,96.3,100.75,S,19,11,,43,6.2,18.9,,,16100,2.2,4,,,,20.6,18.9
"2024-10-07 17:00:00 MDT",1728342000,96.3,100.74,SW,22,15,,38,5.9,20.6,,,16100,2,4,,,,22.7,20.5
"2024-10-07 16:00:00 MDT",1728338400,96.32,100.76,SSW,21,22,28,34,6.1,22.4,,,16100,1.8,4,,,,22.4,20.5
"2024-10-07 15:00:00 MDT",1728334800,96.38,100.83,SSW,21,21,29,38,5.8,20.5,,,16100,,4,,,,20.9,16.3
"2024-10-07 14:00:00 MDT",1728331200,96.46,100.93,E,10,13,,51,6.3,16.3,,,16100,,4,,,,16.3,15.4
"2024-10-07 13:00:00 MDT",1728327600,96.55,101.02,E,10,8,,51,5.7,15.7,,,16100,,3,,,,15.7,13.4
"2024-10-07 12:00:00 MDT",1728324000,96.61,101.08,E,9,9,,55,4.8,13.5,,,16100,1.3,3,,,,13.5,10
"2024-10-07 11:00:00 MDT",1728320400,96.69,101.18,ESE,11,11,,63,3.3,10,,,16100,1.3,4,,,,10.1,7.8
"2024-10-07 10:00:00 MDT",1728316800,96.72,101.22,ESE,11,11,,69,2.4,7.7,,,16100,1.4,4,,,,7.7,4.8
"2024-10-07 09:00:00 MDT",1728313200,96.78,101.29,ESE,11,9,,77,1,4.7,,,16100,1.4,4,,,,4.7,2.6
"2024-10-07 08:00:00 MDT",1728309600,96.79,101.3,E,10,13,,81,-0.2,2.7,,,16100,1.4,4,,,,2.7,2
"2024-10-07 07:00:00 MDT",1728306000,96.87,101.38,E,9,9,,80,-0.9,2.2,,,16100,1.4,4,,,,3.2,2
"2024-10-07 06:00:00 MDT",1728302400,96.89,101.39,ESE,11,11,,81,-0.9,2,,,16100,1.3,4,,,,2,1.7
"2024-10-07 05:00:00 MDT",1728298800,96.95,101.44,E,9,8,,79,-1.4,1.9,,,16100,1.3,4,,,,2.2,1.7
"2024-10-07 04:00:00 MDT",1728295200,97.01,101.51,E,10,11,,78,-1.3,2.1,,,16100,1.3,3,,,,2.3,0.3
"2024-10-07 03:00:00 MDT",1728291600,97.07,101.58,E,10,4,,82,-2,0.7,,,16100,1.5,4,,,,2.9,0.7
"2024-10-07 02:00:00 MDT",1728288000,97.08,101.58,SE,13,5,,73,-1.9,2.5,,,16100,1.5,4,,,,4.7,1.1
"2024-10-07 01:00:00 MDT",1728284400,97.1,101.6,E,9,4,,74,-1.8,2.4,,,16100,1.6,4,,,,5.4,1.9
"2024-10-07 00:00:00 MDT",1728280800,97.1,101.6,N,36,0,,60,-1.8,5.3,,,16100,2,4,,,,6,4.5
"2024-10-06 23:00:00 MDT",1728277200,97.11,101.61,SSW,20,15,,59,-1.5,5.9,,,16100,1.7,4,,,,6.5,5.9
"2024-10-06 22:00:00 MDT",1728273600,97.14,101.65,SSW,20,13,,59,-1,6.4,,,16100,1.8,4,,,,7.1,6.3
"2024-10-06 21:00:00 MDT",1728270000,97.12,101.64,SSW,21,15,,57,-1.1,6.9,,,16100,2,4,,,,8.9,6.9
"2024-10-06 20:00:00 MDT",1728266400,97.08,101.59,SSW,21,17,,50,-1.1,8.7,,,16100,2.1,4,,,,11,8.7
"2024-10-06 19:00:00 MDT",1728262800,97.07,101.57,SW,23,13,,44,-0.7,11.1,,,16100,2,4,,,,14.4,11.1
"2024-10-06 18:00:00 MDT",1728259200,97.11,101.6,WSW,24,17,,35,-0.7,14.5,,,16100,2,4,,,,15.8,14.5
"2024-10-06 17:00:00 MDT",1728255600,97.11,101.59,W,26,22,32,32,-0.8,15.8,,,16100,2,4,,,,16.2,15.7
"2024-10-06 16:00:00 MDT",1728252000,97.06,101.54,WSW,25,26,41,32,-0.8,16,,,16100,2,4,,,,16.3,15.7
"2024-10-06 15:00:00 MDT",1728248400,97.05,101.52,WSW,25,32,,32,-0.8,15.9,,,16100,1.9,4,,,,16.1,15.2
"2024-10-06 14:00:00 MDT",1728244800,97.07,101.55,WSW,25,32,41,32,-1.1,15.4,,,16100,1.7,4,,,,15.6,14.5
"2024-10-06 13:00:00 MDT",1728241200,97.08,101.56,W,27,28,37,37,0.1,14.6,,,16100,1.6,4,,,,14.6,13.2
"2024-10-06 12:00:00 MDT",1728237600,97.08,101.56,WSW,25,28,33,47,2.2,13.2,,,16100,1.5,4,,,,13.4,11.6
"2024-10-06 11:00:00 MDT",1728234000,97.07,101.56,WSW,24,26,,55,3,11.7,,,16100,1.5,4,,,,11.8,9.9
"2024-10-06 10:00:00 MDT",1728230400,97.05,101.56,W,26,24,35,63,3.1,9.8,,,16100,1.5,4,,,,9.8,7.5
"2024-10-06 09:00:00 MDT",1728226800,97.03,101.56,WSW,25,24,,71,2.6,7.5,,,16100,1.5,4,,,,7.6,5.9
"2024-10-06 08:00:00 MDT",1728223200,96.96,101.49,WSW,25,18,,77,2.4,6.1,,,16100,1.5,4,,,,6.7,5.4
"2024-10-06 07:00:00 MDT",1728219600,96.89,101.4,W,26,11,,76,2.4,6.3,,,16100,1.5,4,,,,6.5,5.6
"2024-10-06 06:00:00 MDT",1728216000,96.77,101.27,WSW,24,17,,77,2.4,6.1,,,16100,1.5,4,,,,7,6.1
"2024-10-06 05:00:00 MDT",1728212400,96.71,101.2,WSW,25,21,,74,2.5,6.8,,,16100,1.5,4,,,,7.3,6.5
"2024-10-06 04:00:00 MDT",1728208800,96.66,101.15,WSW,24,18,28,73,2.4,6.9,,,16100,1.5,4,,,,7.7,6.8
"2024-10-06 03:00:00 MDT",1728205200,96.64,101.13,WSW,24,21,35,69,2.3,7.6,,,16100,1.4,4,,,,8.3,7.5
"2024-10-06 02:00:00 MDT",1728201600,96.59,101.07,WSW,24,24,35,66,2.2,8.2,,,16100,1.3,4,,,,8.4,8.1
"2024-10-06 01:00:00 MDT",1728198000,96.58,101.06,SW,22,18,30,65,2.1,8.3,,,16100,1.2,4,,,,9.3,8.1
"2024-10-06 00:00:00 MDT",1728194400,96.63,101.12,SW,22,18,,65,3,9.3,,,16100,1.2,4,,,,9.3,7.6
"2024-10-05 23:00:00 MDT",1728190800,96.68,101.18,SSW,20,11,,74,3.3,7.6,,,16100,1.4,4,,,,7.6,4.5
"2024-10-05 22:00:00 MDT",1728187200,96.74,101.26,SSE,15,4,,87,2.6,4.5,,,16100,1.8,4,,,,4.5,3.2
"2024-10-05 21:00:00 MDT",1728183600,96.82,101.35,SSE,15,9,,89,1.8,3.4,,,16100,2,4,,,,4.4,3.4
"2024-10-05 20:00:00 MDT",1728180000,96.89,101.42,SSE,16,11,,88,2.4,4.3,,,16100,2,4,,,,6.6,4.3
"2024-10-05 19:00:00 MDT",1728176400,96.9,101.42,S,19,8,,79,3.1,6.5,,,16100,1.8,4,,,,9,6.5
"2024-10-05 18:00:00 MDT",1728172800,96.94,101.46,SW,23,13,,68,3.5,9.1,,,16100,1.9,4,,,,9.1,8.8
"2024-10-05 17:00:00 MDT",1728169200,96.94,101.45,SSW,20,13,,71,4.1,9,,,16100,1.8,4,,,,9.5,8.9
"2024-10-05 16:00:00 MDT",1728165600,96.94,101.45,SSW,21,9,,71,4.2,9.1,,,16100,1.7,4,,,,9.1,8.6
"2024-10-05 15:00:00 MDT",1728162000,96.95,101.46,W,26,13,,69,3.6,8.9,,,16100,1.5,4,,,,9.1,8.8
"2024-10-05 14:00:00 MDT",1728158400,96.92,101.43,W,26,17,,68,3.3,8.9,,,16100,1.3,4,,,,9.2,8.2
"2024-10-05 13:00:00 MDT",1728154800,96.93,101.45,WSW,25,11,,78,4.7,8.3,,,16100,1.3,4,,,,8.3,6.3
"2024-10-05 12:00:00 MDT",1728151200,96.91,101.43,WSW,24,9,,81,3.4,6.3,,,16100,1.3,4,,,,6.4,5.1
"2024-10-05 11:00:00 MDT",1728147600,96.88,101.41,WSW,25,11,,89,3.5,5.1,,,16100,1.5,4,,,,5.2,4.4
"2024-10-05 10:00:00 MDT",1728144000,96.82,101.35,WSW,25,9,,94,3.6,4.4,,,16100,2,4,,,,4.5,3.9
"2024-10-05 09:00:00 MDT",1728140400,96.72,101.24,WNW,30,9,,93,2.9,3.9,,,16100,2,4,,,,3.9,3.8
"2024-10-05 08:00:00 MDT",1728136800,96.6,101.11,NW,31,13,,93,2.9,3.9,,,16100,2,4,,,,3.9,3.7
"2024-10-05 07:00:00 MDT",1728133200,96.47,100.97,WNW,30,13,,95,3.1,3.8,,,16100,2,4,,,,3.9,3.8
"2024-10-05 06:00:00 MDT",1728129600,96.41,100.9,NNW,33,17,,97,3.4,3.8,,,6400,1.4,4,,,,4.2,3.8
"2024-10-05 05:00:00 MDT",1728126000,96.29,100.77,NW,32,15,,97,3.8,4.2,,,11300,1.3,4,,,,4.6,4.2
"2024-10-05 04:00:00 MDT",1728122400,96.17,100.65,NNW,33,13,,94,3.7,4.6,,,16100,1.2,4,,,,4.7,4.4
"2024-10-05 03:00:00 MDT",1728118800,96.06,100.53,NW,32,8,,95,3.8,4.5,,,16100,1.2,4,,,,4.7,4.4
"2024-10-05 02:00:00 MDT",1728115200,95.98,100.45,N,35,11,,95,3.7,4.4,,,11300,1.2,4,,,,4.5,4.3
"2024-10-05 01:00:00 MDT",1728111600,95.9,100.36,NNE,2,17,,92,3.2,4.4,,,16100,1.2,4,,,,4.6,4.1
"2024-10-05 00:00:00 MDT",1728108000,95.85,100.32,NNE,2,13,,94,3.2,4.1,,,9700,1.3,4,,,,4.3,4.1
"2024-10-04 23:00:00 MDT",1728104400,95.8,100.27,NNE,3,13,,92,3.1,4.3,,,16100,1.3,4,,,,4.6,4.3
"2024-10-04 22:00:00 MDT",1728100800,95.79,100.28,NE,5,9,,92,3.3,4.5,,,16100,1.4,4,,,,4.7,4.5
"2024-10-04 21:00:00 MDT",1728097200,95.79,100.29,E,8,11,,91,3.4,4.7,,,16100,1.5,4,,,,5.6,4.6
"2024-10-04 20:00:00 MDT",1728093600,95.81,100.32,E,10,13,,80,2.5,5.6,,,16100,1.6,4,,,,7.1,5.6
"2024-10-04 19:00:00 MDT",1728090000,95.79,100.29,E,9,18,,66,1.2,7.1,,,16100,1.6,4,,,,8.6,6.8
"2024-10-04 18:00:00 MDT",1728086400,95.8,100.29,E,8,21,,53,-0.6,8.6,,,16100,1.6,4,,,,9,8.6
"2024-10-04 17:00:00 MDT",1728082800,95.8,100.3,ENE,7,24,35,49,-1.2,8.9,,,16100,1.6,4,,,,9.1,8.9
"2024-10-04 16:00:00 MDT",1728079200,95.83,100.33,E,8,22,32,48,-1.3,9.1,,,16100,1.6,4,,,,9.3,9.1
"2024-10-04 15:00:00 MDT",1728075600,95.94,100.44,E,8,15,,50,-0.7,9.2,,,16100,1.5,3,,,,9.4,8.8
"2024-10-04 14:00:00 MDT",1728072000,96.08,100.59,E,9,13,,53,-0.2,8.8,,,16100,1.5,4,,,,8.9,8.4
"2024-10-04 13:00:00 MDT",1728068400,96.2,100.71,ESE,11,22,,53,-0.2,8.8,,,16100,1.3,4,,,,8.8,7.6
"2024-10-04 12:00:00 MDT",1728064800,96.31,100.83,ESE,11,17,,59,0.4,7.9,,,16100,1.2,4,,,,8.1,5.5
"2024-10-04 11:00:00 MDT",1728061200,96.44,100.97,ENE,7,11,,65,-0.3,5.7,,,16100,1.2,3,,,,5.7,1.6
"2024-10-04 10:00:00 MDT",1728057600,96.53,101.08,E,9,11,,80,-1.6,1.4,,,16100,1.2,4,,,,1.4,-1.5
"2024-10-04 09:00:00 MDT",1728054000,96.59,101.16,SE,14,8,,87,-3.3,-1.5,-5,,16100,1.2,4,,,,-1.5,-2.6
"2024-10-04 08:00:00 MDT",1728050400,96.58,101.14,ESE,11,13,,86,-4.6,-2.6,-7,,16100,1.2,4,,,,-2.6,-2.9
"2024-10-04 07:00:00 MDT",1728046800,96.72,101.28,E,8,8,,86,-4.9,-2.9,-6,,16100,1.3,4,,,,-2.9,-3.3
"2024-10-04 06:00:00 MDT",1728043200,96.82,101.38,N,36,0,,85,-5.2,-3,,,16100,1.4,4,,,,-2.8,-4
"2024-10-04 05:00:00 MDT",1728039600,96.8,101.36,ENE,7,9,,86,-5.9,-3.9,-8,,16100,1.5,4,,,,-3.9,-5.4
"2024-10-04 04:00:00 MDT",1728036000,96.88,101.45,N,36,0,,87,-7,-5.2,,,16100,2,4,,,,-4,-6.4
"2024-10-04 03:00:00 MDT",1728032400,96.91,101.48,ESE,11,4,,81,-6.9,-4.1,-6,,16100,2,4,,,,-2.9,-4.9
"2024-10-04 02:00:00 MDT",1728028800,96.97,101.54,E,10,8,,80,-6.1,-3.1,-6,,16100,2,4,,,,-1.9,-3.5
"2024-10-04 01:00:00 MDT",1728025200,97,101.58,E,9,5,,82,-6,-3.4,-5,,16100,2,4,,,,-2.1,-3.8
"2024-10-04 00:00:00 MDT",1728021600,97,101.58,SE,12,4,,74,-6.4,-2.3,-4,,16100,2,4,,,,-1.2,-2.7
"2024-10-03 23:00:00 MDT",1728018000,97.02,101.6,S,17,5,,68,-6.6,-1.5,-3,,16100,3,4,,,,-0.6,-1.7
"2024-10-03 22:00:00 MDT",1728014400,97.03,101.61,SSW,21,13,,65,-6.5,-0.7,-5,,16100,3,4,,,,-0.4,-0.9
"2024-10-03 21:00:00 MDT",1728010800,97.07,101.65,S,18,13,,64,-6.7,-0.7,-5,,16100,3,4,,,,2,-0.7
"2024-10-03 20:00:00 MDT",1728007200,97.11,101.68,SW,22,8,,54,-6.4,2,,,16100,3,4,,,,3.3,1.8
"2024-10-03 19:00:00 MDT",1728003600,97.13,101.7,SW,22,8,,50,-6.3,3.2,,,16100,3,4,,,,5.4,3.2
"2024-10-03 18:00:00 MDT",1728000000,97.16,101.72,WSW,25,13,,43,-6.2,5.4,,,16100,2,4,,,,6.6,5.4
"2024-10-03 17:00:00 MDT",1727996400,97.18,101.73,W,28,15,,40,-6.3,6.3,,,16100,1.8,3,,,,6.6,5.5
"2024-10-03 16:00:00 MDT",1727992800,97.2,101.76,WNW,29,21,,42,-6.4,5.6,,,16100,1.7,4,,,,6.3,4.7
"2024-10-03 15:00:00 MDT",1727989200,97.24,101.8,WNW,30,24,35,42,-6.4,5.5,,,16100,1.7,4,,,,5.5,4
"2024-10-03 14:00:00 MDT",1727985600,97.31,101.88,W,27,18,28,44,-7,4.2,,,16100,1.7,3,,,,4.4,2.7
"2024-10-03 13:00:00 MDT",1727982000,97.36,101.94,NW,32,21,,47,-7,3.3,,,16100,1.7,3,,,,3.3,1.5
"2024-10-03 12:00:00 MDT",1727978400,97.4,101.98,NW,31,18,28,52,-7.3,1.7,,,16100,1.7,4,,,,1.9,0.6
"2024-10-03 11:00:00 MDT",1727974800,97.42,102.01,WNW,30,21,32,56,-7.3,0.6,,,16100,1.7,4,,,,0.8,0.3
"2024-10-03 10:00:00 MDT",1727971200,97.4,101.98,W,28,17,,60,-6.2,0.7,,,16100,1.7,4,,,,0.8,0.4
"2024-10-03 09:00:00 MDT",1727967600,97.39,101.97,WNW,30,18,32,58,-7,0.4,,,16100,1.8,4,,,,0.4,0.3
"2024-10-03 08:00:00 MDT",1727964000,97.37,101.95,WNW,29,17,,57,-7.3,0.3,,,16100,1.8,4,,,,0.4,0.2
"2024-10-03 07:00:00 MDT",1727960400,97.39,101.97,WNW,29,21,30,55,-7.6,0.4,,,16100,1.7,4,,,,0.4,0.3
"2024-10-03 06:00:00 MDT",1727956800,97.38,101.96,W,28,13,,59,-6.7,0.4,,,16100,1.6,4,,,,0.6,0.4
"2024-10-03 05:00:00 MDT",1727953200,97.36,101.94,W,28,15,,62,-6,0.6,,,16100,1.4,4,,,,0.7,0.5
"2024-10-03 04:00:00 MDT",1727949600,97.35,101.93,WNW,29,13,,65,-5.2,0.6,,,16100,1.4,4,,,,0.6,0.5
"2024-10-03 03:00:00 MDT",1727946000,97.32,101.89,WNW,29,13,,68,-4.6,0.6,,,16100,1.4,4,,,,0.6,0.5
"2024-10-03 02:00:00 MDT",1727942400,97.29,101.86,WNW,30,13,,69,-4.5,0.6,,,16100,1.4,4,,,,0.7,0.5
"2024-10-03 01:00:00 MDT",1727938800,97.27,101.84,NW,32,15,,66,-5,0.6,,,16100,1.3,4,,,,0.9,0.6
"2024-10-03 00:00:00 MDT",1727935200,97.25,101.82,N,35,15,,70,-4,0.9,,,16100,1.2,4,,,,1.3,0.9
"2024-10-02 23:00:00 MDT",1727931600,97.23,101.8,NNW,33,11,,72,-3.4,1.2,,,16100,1.1,4,,,,2.1,1.2
"2024-10-02 22:00:00 MDT",1727928000,97.18,101.75,NW,32,24,39,60,-4.9,2.1,,,16100,1.1,4,,,,2.5,2.1
"2024-10-02 21:00:00 MDT",1727924400,97.15,101.72,WNW,30,21,30,59,-4.6,2.6,,,16100,1.1,4,,,,2.7,2.5
"2024-10-02 20:00:00 MDT",1727920800,97.11,101.68,WNW,29,22,,57,-5,2.7,,,16100,1.1,4,,,,3,2.7
"2024-10-02 19:00:00 MDT",1727917200,97.06,101.63,WNW,30,28,41,54,-5.4,3,,,16100,1.1,4,,,,3.2,3
"2024-10-02 18:00:00 MDT",1727913600,97.04,101.61,W,28,26,34,52,-5.9,3.2,,,16100,1.1,4,,,,3.4,3.2
"2024-10-02 17:00:00 MDT",1727910000,97.03,101.59,WNW,30,21,30,54,-5.1,3.4,,,16100,1.1,4,,,,3.4,3.3
"2024-10-02 16:00:00 MDT",1727906400,97.02,101.58,NW,31,24,37,54,-5.1,3.3,,,16100,1,4,,,,3.6,3.2
"2024-10-02 15:00:00 MDT",1727902800,96.97,101.53,WNW,29,28,41,53,-5.2,3.5,,,16100,1,4,,,,3.6,3.3
"2024-10-02 14:00:00 MDT",1727899200,96.94,101.5,WNW,29,30,41,52,-5.4,3.5,,,16100,1,4,,,,3.8,3.2
"2024-10-02 13:00:00 MDT",1727895600,96.92,101.48,NW,31,34,43,53,-5.2,3.5,,,16100,1,4,,,,4.9,3.2
"2024-10-02 12:00:00 MDT",1727892000,96.86,101.42,NW,31,32,45,56,-4.5,3.5,,,16100,1,4,,,,3.8,2.8
"2024-10-02 11:00:00 MDT",1727888400,96.84,101.4,WNW,29,26,41,61,-3.4,3.5,,,16100,1,4,,,,3.5,1.2
"2024-10-02 10:00:00 MDT",1727884800,96.81,101.36,W,28,17,,68,-4,1.2,,,16100,1.1,4,,,,1.2,0
"2024-10-02 09:00:00 MDT",1727881200,96.78,101.33,W,28,18,,72,-4.5,0,-5,,16100,1.1,4,,,,0,-0.9
"2024-10-02 08:00:00 MDT",1727877600,96.75,101.3,W,28,15,,77,-4.5,-0.9,-6,,16100,1,4,,,,-0.9,-1.3
"2024-10-02 07:00:00 MDT",1727874000,96.71,101.26,W,26,17,,77,-4.7,-1.2,-6,,16100,1,4,,,,-0.7,-1.2
"2024-10-02 06:00:00 MDT",1727870400,96.68,101.22,W,27,13,,76,-4.4,-0.7,-5,,16100,1,4,,,,-0.2,-0.7
"2024-10-02 05:00:00 MDT",1727866800,96.64,101.17,W,26,15,,77,-4,-0.4,-5,,16100,1,4,,,,-0.4,-1.2
"2024-10-02 04:00:00 MDT",1727863200,96.58,101.11,W,26,15,,77,-4,-0.5,-5,,16100,1,4,,,,0.3,-1.2
"2024-10-02 03:00:00 MDT",1727859600,96.5,101.03,WNW,29,11,,75,-4.2,-0.3,-4,,16100,1,4,,,,0,-1.1
"2024-10-02 02:00:00 MDT",1727856000,96.45,100.98,WNW,29,11,,75,-4.9,-1,-5,,16100,1,4,,,,0.1,-1
"2024-10-02 01:00:00 MDT",1727852400,96.4,100.92,W,28,13,,76,-4,-0.2,-4,,16100,1,4,,,,0.6,-2.1
"2024-10-02 00:00:00 MDT",1727848800,96.38,100.91,W,26,9,,82,-4,-1.3,-5,,16100,1.1,4,,,,-0.9,-1.8
"2024-10-01 23:00:00 MDT",1727845200,96.34,100.87,W,26,8,,79,-4.1,-0.9,-4,,16100,1.3,4,,,,2.4,-1
"2024-10-01 22:00:00 MDT",1727841600,96.33,100.85,NNW,33,4,,64,-3.6,2.5,,,16100,1.5,4,,,,2.9,1.8
"2024-10-01 21:00:00 MDT",1727838000,96.26,100.79,NNE,2,9,,65,-3.6,2.4,,,16100,1.6,4,,,,4.2,2.4
"2024-10-01 20:00:00 MDT",1727834400,96.22,100.74,NNE,3,15,,59,-3.2,4.1,,,16100,1.6,4,,,,4.7,3.5
"2024-10-01 19:00:00 MDT",1727830800,96.18,100.7,NNE,2,9,,61,-2.2,4.7,,,16100,1.5,4,,,,6.5,4.5
"2024-10-01 18:00:00 MDT",1727827200,96.18,100.69,N,36,0,,54,-2.2,6.4,,,16100,1.5,4,,,,6.5,6.3
"2024-10-01 17:00:00 MDT",1727823600,96.17,100.68,NNE,2,4,,52,-2.8,6.3,,,16100,1.5,4,,,,6.6,6.2
"2024-10-01 16:00:00 MDT",1727820000,96.18,100.69,N,1,8,,53,-2.4,6.6,,,16100,1.4,4,,,,6.8,6.3
"2024-10-01 15:00:00 MDT",1727816400,96.2,100.71,NNW,33,8,,55,-2.2,6.3,,,16100,1.5,4,,,,6.5,5.7
"2024-10-01 14:00:00 MDT",1727812800,96.25,100.76,WNW,29,8,,58,-2,5.7,,,16100,1.4,3,,,,6,5.2
"2024-10-01 13:00:00 MDT",1727809200,96.28,100.79,NW,31,5,,60,-2,5.2,,,16100,1.3,4,,,,5.2,3.9
"2024-10-01 12:00:00 MDT",1727805600,96.34,100.85,NNW,34,5,,62,-2.6,4,,,16100,1.2,4,,,,4.1,3.3
"2024-10-01 11:00:00 MDT",1727802000,96.4,100.92,NNW,33,9,,65,-2.4,3.5,,,16100,1.3,3,,,,3.6,2.5
"2024-10-01 10:00:00 MDT",1727798400,96.45,100.96,WNW,30,5,,72,-1.9,2.7,,,16100,1.3,3,,,,2.7,0.6
"2024-10-01 09:00:00 MDT",1727794800,96.49,101.01,WSW,25,11,,81,-2.3,0.6,,,16100,1.4,4,,,,0.6,-0.1
"2024-10-01 08:00:00 MDT",1727791200,96.51,101.03,WSW,24,11,,83,-2.6,0,-4,,16100,1.4,3,,,,0,-0.5
"2024-10-01 07:00:00 MDT",1727787600,96.56,101.07,SW,22,9,,81,-3.1,-0.2,-3,,16100,1.4,4,,,,-0.2,-0.9
"2024-10-01 06:00:00 MDT",1727784000,96.59,101.1,SW,22,9,,81,-3.6,-0.7,-4,,16100,1.4,4,,,,-0.6,-1.5
"2024-10-01 05:00:00 MDT",1727780400,96.7,101.21,SW,23,9,,78,-3.9,-0.5,-4,,16100,1.4,4,,,,0.1,-0.6
"2024-10-01 04:00:00 MDT",1727776800,96.77,101.28,SSW,21,9,,77,-4,-0.4,-4,,16100,1.4,4,,,,0.9,-0.6
"2024-10-01 03:00:00 MDT",1727773200,96.77,101.28,SSW,21,8,,72,-3.9,0.6,,,16100,1.4,3,,,,1.6,-0.8
"2024-10-01 02:00:00 MDT",1727769600,96.79,101.3,N,35,8,,74,-3.7,0.4,,,16100,1.4,4,,,,1.5,0.4
"2024-10-01 01:00:00 MDT",1727766000,96.86,101.37,SSW,21,17,,69,-3.6,1.5,,,16100,1.5,4,,,,3.1,1.5
"2024-10-01 00:00:00 MDT",1727762400,96.92,101.44,SW,23,15,,64,-3.1,3.1,,,16100,1.5,4,,,,3.9,3
"2024-09-30 23:00:00 MDT",1727758800,96.95,101.48,WSW,24,15,,63,-2.9,3.5,,,16100,1.6,4,,,,6.2,3.3
"2024-09-30 22:00:00 MDT",1727755200,96.95,101.48,WSW,24,17,,57,-2.7,5.1,,,16100,1.8,4,,,,6.1,4.8
"2024-09-30 21:00:00 MDT",1727751600,96.98,101.51,WSW,24,17,,50,-3.7,5.9,,,16100,1.9,4,,,,8.5,5.4
"2024-09-30 20:00:00 MDT",1727748000,97.02,101.56,W,26,15,,47,-3,7.6,,,16100,4,4,,,,9.7,7.4
"2024-09-30 19:00:00 MDT",1727744400,97.03,101.55,WNW,29,17,,40,-3.3,9.6,,,16100,1.7,4,,,,11.6,9.6
"2024-09-30 18:00:00 MDT",1727740800,97,101.51,WNW,30,26,39,33,-4,11.7,,,16100,1.7,4,,,,12.8,11.6
"2024-09-30 17:00:00 MDT",1727737200,96.99,101.5,W,28,37,50,31,-4.1,12.7,,,16100,1.7,4,,,,13.1,12.3
"2024-09-30 16:00:00 MDT",1727733600,97,101.5,W,28,30,50,34,-2.9,12.7,,,16100,1.6,4,,,,13,12
"2024-09-30 15:00:00 MDT",1727730000,97,101.49,W,28,35,46,33,-3.6,12.1,,,16100,1.5,3,,,,12.3,11.7
"2024-09-30 14:00:00 MDT",1727726400,96.98,101.47,W,26,32,45,36,-2.9,11.6,,,16100,1.6,4,,,,12,11.2
"2024-09-30 13:00:00 MDT",1727722800,97.01,101.5,W,28,24,35,43,-0.5,11.7,,,16100,1.6,4,,,,11.7,9.4
"2024-09-30 12:00:00 MDT",1727719200,97.04,101.54,W,26,18,28,52,0.1,9.3,,,16100,2,4,,,,9.4,6.8
"2024-09-30 11:00:00 MDT",1727715600,97.09,101.6,WSW,25,21,,61,-0.2,6.9,,,16100,2,4,,,,7.2,5.1
"2024-09-30 10:00:00 MDT",1727712000,97.11,101.63,WSW,25,13,,72,0.7,5.4,,,16100,2,4,,,,5.4,3.4
"2024-09-30 09:00:00 MDT",1727708400,97.09,101.61,SW,22,11,,79,0,3.3,,,16100,2,4,,,,3.3,1.2
"2024-09-30 08:00:00 MDT",1727704800,97.05,101.58,WSW,24,9,,86,-0.7,1.4,,,16100,2,4,,,,2.8,0.9
"2024-09-30 07:00:00 MDT",1727701200,97.01,101.53,W,26,17,,80,-0.2,2.9,,,16100,1.3,4,,,,3.1,1.8
"2024-09-30 06:00:00 MDT",1727697600,96.94,101.46,WSW,24,11,,82,-0.5,2.3,,,16100,1.3,4,,,,2.5,2
"2024-09-30 05:00:00 MDT",1727694000,96.87,101.38,SW,23,15,,83,-0.4,2.2,,,16100,1.2,4,,,,4.1,2.1
"2024-09-30 04:00:00 MDT",1727690400,96.83,101.33,W,26,9,,75,0.2,4.3,,,16100,1.2,4,,,,6.4,3.5
"2024-09-30 03:00:00 MDT",1727686800,96.8,101.28,W,28,13,,72,1.6,6.3,,,16100,1.3,4,,,,7.2,6.3
"2024-09-30 02:00:00 MDT",1727683200,96.76,101.23,WNW,30,15,,69,1.9,7.2,,,16100,1.3,4,,,,7.4,6.8
"2024-09-30 01:00:00 MDT",1727679600,96.72,101.19,WNW,29,11,,75,3.1,7.3,,,16100,1.4,4,,,,7.8,7.3
"2024-09-30 00:00:00 MDT",1727676000,96.69,101.17,WNW,30,13,,75,3.6,7.8,,,16100,1.4,4,,,,8.2,7.8
"2024-09-29 23:00:00 MDT",1727672400,96.65,101.13,WNW,30,15,,74,3.8,8.2,,,16100,1.5,4,,,,8.7,8.1
"2024-09-29 22:00:00 MDT",1727668800,96.62,101.11,NW,31,15,,72,3.9,8.7,,,16100,1.6,4,,,,9.1,8.5
"2024-09-29 21:00:00 MDT",1727665200,96.56,101.05,NNW,33,15,,68,3.5,9.1,,,16100,1.7,4,,,,9.3,9
"2024-09-29 20:00:00 MDT",1727661600,96.49,100.98,NW,32,17,,74,4.8,9.2,,,16100,1.7,4,,,,9.6,9.2
"2024-09-29 19:00:00 MDT",1727658000,96.45,100.93,NW,32,18,28,72,4.8,9.6,,,16100,1.7,4,,,,9.8,9.5
"2024-09-29 18:00:00 MDT",1727654400,96.39,100.87,NW,32,11,,80,6.2,9.5,,,16100,1.6,4,,,,10.4,9.5
"2024-09-29 17:00:00 MDT",1727650800,96.33,100.8,NNW,34,18,28,72,5.6,10.4,,,16100,1.6,4,,,,12,10.4
"2024-09-29 16:00:00 MDT",1727647200,96.27,100.73,NNW,34,22,,64,5.5,12,,,16100,1.6,4,,,,13.1,12
"2024-09-29 15:00:00 MDT",1727643600,96.25,100.7,ENE,7,4,,57,4.8,13.1,,,16100,1.6,4,,,,14,13.1
"2024-09-29 14:00:00 MDT",1727640000,96.24,100.69,N,1,15,,57,5.2,13.5,,,16100,1.5,3,,,,14.1,12.7
"2024-09-29 13:00:00 MDT",1727636400,96.32,100.78,NNW,34,8,,63,5.9,12.6,,,16100,1.4,4,,,,12.7,11.5
"2024-09-29 12:00:00 MDT",1727632800,96.33,100.8,NNE,2,11,,66,5.6,11.6,,,16100,1.3,4,,,,11.6,9
"2024-09-29 11:00:00 MDT",1727629200,96.4,100.88,NW,31,11,,81,5.8,8.9,,,16100,1.1,4,,,,9,6
"2024-09-29 10:00:00 MDT",1727625600,96.4,100.89,NNW,33,9,,89,4.2,5.9,,,16100,1,4,,,,5.9,4.7
"2024-09-29 09:00:00 MDT",1727622000,96.42,100.91,N,36,4,,97,4.1,4.5,,,16100,1,4,,,,4.5,4
"2024-09-29 08:00:00 MDT",1727618400,96.45,100.94,ENE,7,5,,95,3.6,4.3,,,16100,1,3,,,,4.8,4.1
"2024-09-29 07:00:00 MDT",1727614800,96.54,101.03,NE,5,4,,92,3.7,4.9,,,16100,1,4,,,,5.1,4.1
"2024-09-29 06:00:00 MDT",1727611200,96.67,101.15,ENE,7,4,,95,3.9,4.6,,,16100,1,4,,,,5.5,4.1
"2024-09-29 05:00:00 MDT",1727607600,96.69,101.17,NNE,3,8,,87,3.4,5.4,,,16100,1,4,,,,6.2,5.4
"2024-09-29 04:00:00 MDT",1727604000,96.8,101.28,E,9,11,,82,3.1,6,,,16100,1,3,,,,6.2,5.6
"2024-09-29 03:00:00 MDT",1727600400,96.91,101.39,E,9,8,,80,3,6.2,,,16100,1,3,,,,6.4,5.6
"2024-09-29 02:00:00 MDT",1727596800,96.99,101.48,SE,13,11,,84,3.3,5.7,,,16100,1.1,4,,,,7.1,5.3
"2024-09-29 01:00:00 MDT",1727593200,97.05,101.55,ENE,6,4,,75,2.9,7,,,16100,1.2,4,,,,7.1,5.9
"2024-09-29 00:00:00 MDT",1727589600,97.1,101.61,SE,13,9,,81,3,6,,,16100,1.3,4,,,,7,6
"2024-09-28 23:00:00 MDT",1727586000,97.1,101.61,E,9,8,,79,3,6.4,,,16100,1.3,3,,,,7.1,6.2
"2024-09-28 22:00:00 MDT",1727582400,97.16,101.67,SE,14,4,,75,3,7.1,,,16100,2,4,,,,8,6.6
"2024-09-28 21:00:00 MDT",1727578800,97.15,101.66,SSE,15,9,,67,2.1,7.8,,,16100,2,4,,,,9.1,7.8
"2024-09-28 20:00:00 MDT",1727575200,97.15,101.66,SSE,16,11,,63,2.5,9.1,,,16100,1.7,4,,,,10.4,9
"2024-09-28 19:00:00 MDT",1727571600,97.18,101.69,SSE,16,9,,67,4.4,10.2,,,16100,1.7,4,,,,12.6,9.8
"2024-09-28 18:00:00 MDT",1727568000,97.18,101.67,SW,22,4,,55,3.8,12.6,,,16100,1.6,4,,,,13.7,12.5
"2024-09-28 17:00:00 MDT",1727564400,97.23,101.72,W,27,9,,47,2.6,13.7,,,16100,1.6,3,,,,14.4,13.6
"2024-09-28 16:00:00 MDT",1727560800,97.25,101.74,W,27,15,,47,2.9,14.1,,,16100,1.6,4,,,,14.5,13
"2024-09-28 15:00:00 MDT",1727557200,97.3,101.8,W,26,13,,53,3.9,13.4,,,16100,1.6,4,,,,14,12.4
"2024-09-28 14:00:00 MDT",1727553600,97.37,101.88,WNW,29,18,,58,4.9,13,,,16100,1.5,3,,,,13.1,10.6
"2024-09-28 13:00:00 MDT",1727550000,97.37,101.88,W,26,22,34,62,3.8,10.8,,,16100,1.4,3,,,,11.4,10.1
"2024-09-28 12:00:00 MDT",1727546400,97.35,101.87,WSW,25,24,34,66,3.9,10,,,16100,1.3,4,,,,10.1,9.6
"2024-09-28 11:00:00 MDT",1727542800,97.31,101.82,W,26,26,33,69,4.4,9.8,,,16100,1.2,4,,,,9.9,9
"2024-09-28 10:00:00 MDT",1727539200,97.25,101.76,WSW,25,18,28,75,4.7,8.9,,,16100,1.2,4,,,,8.9,8.2
"2024-09-28 09:00:00 MDT",1727535600,97.16,101.67,WSW,25,21,30,76,4.1,8.1,,,16100,1.3,4,,,,8.1,7.7
"2024-09-28 08:00:00 MDT",1727532000,97.07,101.57,WSW,25,24,34,77,3.9,7.7,,,16100,1.3,4,,,,7.7,7.1
"2024-09-28 07:00:00 MDT",1727528400,96.98,101.48,WSW,24,18,,80,4.1,7.3,,,16100,1.2,4,,,,8.3,7.3
"2024-09-28 06:00:00 MDT",1727524800,96.91,101.4,W,26,21,30,75,4.1,8.2,,,16100,1.2,4,,,,8.5,8
"2024-09-28 05:00:00 MDT",1727521200,96.83,101.31,WSW,25,28,41,75,4.1,8.3,,,16100,1.2,4,,,,8.5,8.1
"2024-09-28 04:00:00 MDT",1727517600,96.75,101.22,WSW,24,24,34,76,4.1,8.1,,,16100,1.2,4,,,,8.1,6.1
"2024-09-28 03:00:00 MDT",1727514000,96.71,101.19,SW,22,11,,85,3.8,6.1,,,16100,1.2,4,,,,7.2,6.1
"2024-09-28 02:00:00 MDT",1727510400,96.66,101.14,SW,22,18,,85,4.5,6.8,,,16100,1.1,4,,,,7.6,6.7
"2024-09-28 01:00:00 MDT",1727506800,96.62,101.1,SW,23,21,,84,5,7.5,,,16100,1.1,4,,,,7.5,6.6
"2024-09-28 00:00:00 MDT",1727503200,96.58,101.07,SSW,21,15,,90,5.1,6.6,,,16100,1.3,4,,,,7.4,6.4
"2024-09-27 23:00:00 MDT",1727499600,96.54,101.03,SW,22,15,,88,5.6,7.4,,,16100,1.5,4,,,,8.5,7.4
"2024-09-27 22:00:00 MDT",1727496000,96.52,101.01,SSW,21,15,,89,6.8,8.5,,,16100,1.7,4,,,,9.8,8.5
"2024-09-27 21:00:00 MDT",1727492400,96.46,100.94,S,19,13,,87,7.1,9.2,,,14500,1.8,4,,,,10,9.2
"2024-09-27 20:00:00 MDT",1727488800,96.44,100.92,SSE,15,13,,80,6.5,9.8,,,16100,1.8,4,,,,10.4,9.7
"2024-09-27 19:00:00 MDT",1727485200,96.4,100.88,SSE,15,8,,76,6.4,10.5,,,16100,1.9,4,,,,11.1,10.5
"2024-09-27 18:00:00 MDT",1727481600,96.37,100.84,S,17,8,,72,6.3,11.1,,,16100,2,4,,,,12.2,11.1
"2024-09-27 17:00:00 MDT",1727478000,96.34,100.81,SSW,20,8,,65,5.9,12.2,,,16100,2.1,4,,,,12.6,12.2
"2024-09-27 16:00:00 MDT",1727474400,96.3,100.77,SW,22,8,,61,5,12.3,,,16100,2,4,,,,12.7,11.9
"2024-09-27 15:00:00 MDT",1727470800,96.24,100.7,WSW,25,5,,62,4.9,12,,,16100,1.9,3,,,,12.6,11.4
"2024-09-27 14:00:00 MDT",1727467200,96.2,100.67,SE,12,4,,63,4.5,11.3,,,16100,1.8,4,,,,11.8,9.1
"2024-09-27 13:00:00 MDT",1727463600,96.16,100.64,SSW,20,5,,82,6.1,9,,,16100,1.7,4,,,,9.1,7.8
"2024-09-27 12:00:00 MDT",1727460000,96.1,100.58,S,17,4,,85,5.4,7.8,,,16100,1.6,4,,,,7.9,6.9
"2024-09-27 11:00:00 MDT",1727456400,96.06,100.54,N,36,0,,89,5.2,6.9,,,16100,1.4,4,,,,6.9,5.1
"2024-09-27 10:00:00 MDT",1727452800,96.05,100.53,WNW,30,5,,96,4.8,5.4,,,16100,1.4,4,,,,6.5,5.4
"2024-09-27 09:00:00 MDT",1727449200,95.98,100.44,E,8,8,,93,4.8,5.8,,,16100,1.4,4,,,,5.8,5
"2024-09-27 08:00:00 MDT",1727445600,95.99,100.45,E,8,8,,95,4.3,5,,,12900,1.3,4,,,,5.1,4.8
"2024-09-27 07:00:00 MDT",1727442000,95.97,100.42,ESE,11,5,,91,3.5,4.8,,,9700,1.2,4,,,,5.5,4.7
"2024-09-27 06:00:00 MDT",1727438400,95.99,100.43,ENE,7,5,,82,2.2,5,,,16100,1.3,4,,,,5.1,4.5
"2024-09-27 05:00:00 MDT",1727434800,95.98,100.42,ESE,12,5,,80,1.7,4.9,,,16100,1.3,4,,,,5.2,4.2
"2024-09-27 04:00:00 MDT",1727431200,95.99,100.44,ESE,10,4,,84,1.6,4,,,16100,1.4,4,,,,5.2,3.7
"2024-09-27 03:00:00 MDT",1727427600,96.01,100.46,E,10,5,,80,1.9,5.1,,,16100,1.5,4,,,,5.1,3.4
"2024-09-27 02:00:00 MDT",1727424000,96.03,100.49,E,9,4,,87,1.8,3.8,,,16100,1.5,4,,,,5.7,2.7
"2024-09-27 01:00:00 MDT",1727420400,96.02,100.48,ENE,7,5,,79,0.5,3.7,,,16100,1.6,3,,,,5,3.6
"2024-09-27 00:00:00 MDT",1727416800,96.08,100.54,SSW,21,15,,71,0.2,5,,,16100,1.7,4,,,,5.5,4.8
"2024-09-26 23:00:00 MDT",1727413200,96.08,100.55,SSW,20,13,,71,0.4,5.2,,,16100,1.8,4,,,,7.3,5.2
"2024-09-26 22:00:00 MDT",1727409600,96.05,100.52,N,36,17,,75,1.2,5.2,,,16100,1.8,4,,,,9,5.2
"2024-09-26 21:00:00 MDT",1727406000,96.04,100.49,WSW,24,9,,57,1.2,9.2,,,16100,1.9,4,,,,11,8.8
"2024-09-26 20:00:00 MDT",1727402400,96.03,100.47,WSW,24,17,,52,1.6,11.1,,,16100,2,4,,,,13.4,11.1
"2024-09-26 19:00:00 MDT",1727398800,95.97,100.39,W,26,15,,55,4.4,13.2,,,16100,2.1,4,,,,15.1,12.9
"2024-09-26 18:00:00 MDT",1727395200,95.85,100.26,W,26,13,,54,5.6,14.9,,,16100,2,4,,,,15.1,14.6
"2024-09-26 17:00:00 MDT",1727391600,95.86,100.27,W,26,11,,62,7.4,14.6,,,16100,2,3,,,,14.8,12.3
"2024-09-26 16:00:00 MDT",1727388000,95.84,100.26,WNW,30,13,,76,8.6,12.7,,,16100,1.8,4,,,,14.1,12.7
"2024-09-26 15:00:00 MDT",1727384400,95.82,100.23,WNW,30,17,28,67,7,12.9,,,16100,1.7,3,,,,13.5,11.9
"2024-09-26 14:00:00 MDT",1727380800,95.78,100.19,W,28,22,31,73,8.1,12.7,,,16100,1.6,4,,,,12.7,11.1
"2024-09-26 13:00:00 MDT",1727377200,95.7,100.11,W,28,22,,84,8.5,11.1,,,16100,2,3,,,,11.2,10.4
"2024-09-26 12:00:00 MDT",1727373600,95.65,100.06,W,26,18,,90,8.9,10.4,,,16100,2,3,,,,10.4,9.2
"2024-09-26 11:00:00 MDT",1727370000,95.6,100.01,WSW,24,9,,95,8.5,9.2,,,16100,1.9,4,,,,9.2,8.6
"2024-09-26 10:00:00 MDT",1727366400,95.58,99.99,SW,23,11,,96,8,8.6,,,16100,1.9,4,,,,9.1,8.6
"2024-09-26 09:00:00 MDT",1727362800,95.52,99.92,WNW,29,15,,93,8,9.1,,,16100,1.8,4,,,,9.9,9.1
"2024-09-26 08:00:00 MDT",1727359200,95.45,99.85,WNW,29,22,35,91,8.4,9.8,,,16100,2,4,,,,10.1,9.8
"2024-09-26 07:00:00 MDT",1727355600,95.46,99.84,W,28,28,,94,9.3,10.2,,,6400,1.4,4,,,,11.4,10.2
"2024-09-26 06:00:00 MDT",1727352000,95.31,99.67,WNW,30,17,,92,10.2,11.4,,,14500,1.4,4,,,,11.6,10.9
"2024-09-26 05:00:00 MDT",1727348400,95.22,99.58,W,26,11,,92,9.8,11,,,16100,1.3,4,,,,11.8,10.6
"2024-09-26 04:00:00 MDT",1727344800,95.13,99.48,NW,32,11,,91,10.1,11.5,,,16100,1.4,4,,,,12,10.9
"2024-09-26 03:00:00 MDT",1727341200,95.13,99.49,W,27,11,,90,9.6,11.2,,,16100,1.3,4,,,,12.2,11.1
"2024-09-26 02:00:00 MDT",1727337600,95.25,99.61,SSE,15,5,,86,9.7,11.9,,,16100,1.4,4,,,,12.6,11.7
"2024-09-26 01:00:00 MDT",1727334000,95.23,99.59,SW,22,9,,85,9.4,11.8,,,16100,1.5,4,,,,12.3,11
"2024-09-26 00:00:00 MDT",1727330400,95.17,99.53,SW,23,11,,90,10.4,12,,,16100,1.5,4,,,,12.9,10.6
"2024-09-25 23:00:00 MDT",1727326800,95.08,99.44,SW,22,8,,88,10.7,12.6,,,16100,2,4,,,,14,10.8
"2024-09-25 22:00:00 MDT",1727323200,95.07,99.43,SW,23,13,,79,10.6,14.1,,,16100,1.6,4,,,,14.9,14
"2024-09-25 21:00:00 MDT",1727319600,95.09,99.45,N,36,0,,79,10.8,14.4,,,16100,1.7,4,,,,15.9,13.9
"2024-09-25 20:00:00 MDT",1727316000,95.07,99.44,S,18,8,,76,10.5,14.6,,,16100,1.8,4,,,,17.8,14.5
"2024-09-25 19:00:00 MDT",1727312400,95.09,99.45,SW,22,8,,65,11.1,17.7,,,16100,1.8,4,,,,20.2,17.6
"2024-09-25 18:00:00 MDT",1727308800,95.1,99.45,WSW,24,13,,55,11.2,20.3,,,16100,1.7,4,,,,20.6,19.3
"2024-09-25 17:00:00 MDT",1727305200,95.05,99.4,N,36,0,,52,10.5,20.7,,,16100,1.6,4,,,,20.7,19.5
"2024-09-25 16:00:00 MDT",1727301600,95.05,99.41,N,36,0,,55,10.1,19.4,,,16100,1.5,4,,,,20.3,19
"2024-09-25 15:00:00 MDT",1727298000,95.11,99.47,WNW,29,5,,57,10.4,19.1,,,16100,1.5,4,,,,19.1,18.3
"2024-09-25 14:00:00 MDT",1727294400,95.12,99.48,NNW,33,8,,61,11.2,18.8,,,16100,1.5,4,,,,19.4,18.4
"2024-09-25 13:00:00 MDT",1727290800,95.12,99.48,SSE,15,8,,55,10.1,19.2,,,16100,1.6,4,,,,19.2,16.9
"2024-09-25 12:00:00 MDT",1727287200,95.11,99.48,ESE,12,13,,62,9.6,16.8,,,16100,1.5,4,,,,16.8,15.3
"2024-09-25 11:00:00 MDT",1727283600,95.17,99.55,ESE,12,15,,63,8.3,15.3,,,16100,1.5,4,,,,15.3,14.7
"2024-09-25 10:00:00 MDT",1727280000,95.22,99.6,ESE,11,21,30,62,7.7,14.8,,,16100,1.4,4,,,,14.9,13.5
"2024-09-25 09:00:00 MDT",1727276400,95.28,99.66,ESE,12,17,28,65,7.1,13.5,,,16100,1.4,4,,,,13.7,12.1
"2024-09-25 08:00:00 MDT",1727272800,95.34,99.71,ESE,11,24,,70,6.7,12,,,16100,1.3,4,,,,12,11
"2024-09-25 07:00:00 MDT",1727269200,95.49,99.87,ESE,12,21,,74,6.6,11,,,16100,1.2,4,,,,11,10.2
"2024-09-25 06:00:00 MDT",1727265600,95.61,99.98,ESE,12,18,28,76,6.3,10.3,,,16100,1.2,4,,,,10.6,10.2
"2024-09-25 05:00:00 MDT",1727262000,95.76,100.14,E,10,11,,75,6.1,10.4,,,16100,1.3,4,,,,10.4,9.2
"2024-09-25 04:00:00 MDT",1727258400,95.77,100.15,E,8,11,,77,5.5,9.3,,,16100,1.3,4,,,,9.4,8.7
"2024-09-25 03:00:00 MDT",1727254800,95.86,100.25,ESE,12,8,,78,5.4,9,,,16100,1.2,4,,,,9.6,9
"2024-09-25 02:00:00 MDT",1727251200,95.89,100.28,E,8,11,,76,5.6,9.6,,,16100,1.1,4,,,,10.6,9.6
"2024-09-25 01:00:00 MDT",1727247600,95.89,100.28,E,9,9,,72,5.6,10.4,,,16100,1.2,4,,,,10.5,9.7
"2024-09-25 00:00:00 MDT",1727244000,95.93,100.32,E,10,8,,73,5.6,10.1,,,16100,1.3,4,,,,11.9,9.8
"2024-09-24 23:00:00 MDT",1727240400,95.94,100.34,SE,14,5,,69,5.2,10.6,,,16100,1.4,4,,,,11.6,9.8
"2024-09-24 22:00:00 MDT",1727236800,95.96,100.36,S,18,13,,63,4.5,11.2,,,16100,1.7,4,,,,13.8,11.2
"2024-09-24 21:00:00 MDT",1727233200,96,100.4,S,18,11,,53,4.5,13.9,,,16100,1.9,4,,,,16.5,13.9
"2024-09-24 20:00:00 MDT",1727229600,96.01,100.41,WSW,24,11,,46,4.8,16.5,,,16100,2.1,4,,,,18.6,16.5
"2024-09-24 19:00:00 MDT",1727226000,95.97,100.37,W,26,13,,42,5.8,18.9,,,16100,2.1,4,,,,21.5,18.9
"2024-09-24 18:00:00 MDT",1727222400,95.96,100.34,W,28,17,,35,5.6,21.5,,,16100,2.1,4,,,,22.1,21.5
"2024-09-24 17:00:00 MDT",1727218800,95.96,100.35,WNW,29,28,34,34,5.8,22.1,,,16100,2,4,,,,22.3,21.9
"2024-09-24 16:00:00 MDT",1727215200,95.94,100.33,WNW,29,28,39,36,6.6,22.2,,,16100,1.9,4,,,,22.4,21.4
"2024-09-24 15:00:00 MDT",1727211600,95.93,100.32,WNW,29,39,48,36,6.5,22.2,,,16100,1.7,4,,,,22.4,21.7
"2024-09-24 14:00:00 MDT",1727208000,95.88,100.26,W,27,28,45,38,7.2,22,,,16100,1.5,4,,,,22.1,20.9
"2024-09-24 13:00:00 MDT",1727204400,95.86,100.24,W,28,37,46,43,8.4,21.3,,,16100,1.2,4,,,,21.3,20.2
"2024-09-24 12:00:00 MDT",1727200800,95.81,100.19,W,28,39,43,53,10.5,20.3,,,16100,1,3,,,,20.5,19
"2024-09-24 11:00:00 MDT",1727197200,95.76,100.14,W,27,34,40,64,11.9,18.9,,,16100,1,4,,,,18.9,17
"2024-09-24 10:00:00 MDT",1727193600,95.74,100.13,W,26,28,37,72,11.9,17,,,16100,1,4,,,,17.5,15.3
"2024-09-24 09:00:00 MDT",1727190000,95.72,100.11,WSW,25,22,,81,12.1,15.3,,,16100,1,4,,,,15.3,12.5
"2024-09-24 08:00:00 MDT",1727186400,95.71,100.11,SW,23,17,,90,10.8,12.4,,,16100,1,4,,,,12.4,10.3
"2024-09-24 07:00:00 MDT",1727182800,95.7,100.11,S,19,5,,90,9.2,10.7,,,16100,1,4,,,,12,9.7
"2024-09-24 06:00:00 MDT",1727179200,95.7,100.1,WNW,28,4,,89,9.8,11.6,,,16100,1,4,,,,12.3,9.3
"2024-09-24 05:00:00 MDT",1727175600,95.71,100.12,S,19,5,,97,9.5,9.9,,,16100,1,4,,,,9.9,8.6
